iso3,adm0_name,agricultural_drought_absolute,agricultural_drought_relative,air_pollution_absolute,air_pollution_relative,coastal_flood_absolute,coastal_flood_relative,drought_spei_absolute,drought_spei_relative,drought_spi_absolute,drought_spi_relative,extreme_heat_absolute,extreme_heat_relative,fire_frequency_absolute,fire_frequency_relative,fire_FRP_absolute,fire_FRP_relative,heatwave_duration_absolute,heatwave_duration_relative,heatwave_frequency_absolute,heatwave_frequency_relative,heatwave_severity_absolute,heatwave_severity_relative,river_flood_absolute,river_flood_relative,sand_dust_absolute,sand_dust_relative,tropical_storm_absolute,tropical_storm_relative,vectorborne_malariapf_absolute,vectorborne_malariapf_relative,vectorborne_malariapv_absolute,vectorborne_malariapv_relative
ALB,Albania,5.949894086577679,10.0,6.262634624576855,10.0,4.844700361024197,4.606643931370332,5.526368856118607,1.6829361608190778,0.0,0.0,2.960924604436102,0.004174952565413393,4.196511993814715,1.0920951179747471,4.7030289397899505,0.49378850594941287,6.22097869317874,9.40474203339822,6.22097869317874,9.40474203339822,0.0,0.0,4.605511102176019,1.8572366048853044,0.0,0.0,0.0,0.0,0.0,0.0,0.0,0.0
AND,Andorra,3.008268474016388,10.0,3.4834586615336853,10.0,0.0,0.0,0.0,0.0,4.180150393840423,10.0,0.0,0.0,0.0,0.0,0.0,0.0,3.4834586615336853,10.0,3.4834586615336853,10.0,0.0,0.0,0.0,0.0,0.0,0.0,0.0,0.0,0.0,0.0,0.0,0.0
ATG,Antigua and Barbuda,3.606508118093975,10.0,3.8062349633274106,10.0,0.744505890567905,1.1459722399188603,0.0,0.0,0.0,0.0,0.0,0.0,0.0,0.0,0.0,0.0,3.51981740164261,6.254880281458776,3.51981740164261,6.254880281458776,0.0,0.0,0.0,0.0,0.0,0.0,3.8551314131558114,10.0,0.0,0.0,0.0,0.0
ARG,Argentina,7.775060849138252,10.0,8.44064204864822,10.0,3.48748207324856,0.04621320446400836,9.701065149633058,9.849322812613472,9.724256484003506,10.0,7.084303177010294,1.3985772168753563,8.21149299810602,5.317916950276348,7.762199404123779,0.9051725660319744,6.074919821612586,0.2708176036533225,6.989490218499969,1.2144690937514329,8.286046424365932,7.787912720594764,7.030545977801164,2.6088330110764177,6.392543248495455,0.03484006131758824,0.0,0.0,0.0,0.0,0.0,0.0
AZE,Azerbaijan,6.989327986588347,10.0,7.3174206821187555,9.938327515428698,0.0,0.0,8.558894835076181,10.0,8.576214316246935,10.0,6.508413017265098,2.853911510253608,4.392941060926564,0.28613691031223876,5.998411762070948,0.4463758773692727,6.856236224153311,4.676921061971914,6.978044996442127,5.552590856078618,6.158642652690372,1.721557918966109,5.452811503502493,1.184668682910272,6.333281001677593,0.4879618737367054,0.0,0.0,0.0,0.0,0.0,0.0
BHS,Bahamas,0.0,0.0,4.502344038328569,6.234744692717049,2.9694864464240798,3.4300656945748664,3.8570913628687293,1.5883772049804221,3.8570913628687293,2.382565807470633,0.0,0.0,1.8241501891530347,0.45877982740652457,2.6147175114779166,0.21693413591678865,3.37519382644505,1.1013659463206544,3.37519382644505,1.1013659463206544,0.0,0.0,0.0,0.0,0.0,0.0,4.915734642056589,10.0,0.0,0.0,0.0,0.0
AUS,Australia,6.754490560971921,10.0,7.645567519742293,7.746429442787805,5.184054363934566,0.7070209862433101,8.465145462977215,5.150229760984218,8.652913753810017,9.58963348085728,6.215236165302834,0.8782805932027956,6.991058220741678,2.8307677405011393,7.392503944584218,1.3538773695558934,0.0,0.0,4.8849189714302605,0.05484510419265578,7.689431436322842,7.405339548816771,5.81238045215595,0.9299817144668315,0.0,0.0,7.220893047731836,4.816537542097779,0.0,0.0,0.0,0.0
AUT,Austria,6.39655954493846,10.0,6.989431578814265,10.0,0.0,0.0,7.453351547699515,5.6859338094584455,8.387445447498187,10.0,0.0,0.0,4.157979807420112,0.3839168594601511,0.0,0.0,6.080052213842504,2.774225319592899,6.938186957482436,9.308223615719976,6.663785493559558,6.339397854382848,5.349485384650925,1.9131697590770793,0.0,0.0,0.0,0.0,0.0,0.0,0.0,0.0
BIH,Bosnia and Herzegovina,5.969334785363825,10.0,6.187604163416222,10.0,0.0,0.0,5.628124801268685,2.1054522505566076,7.275306253704372,10.0,0.0,0.0,4.138569880141095,1.1368134171652688,3.814598856357313,0.09589670755140983,5.866758387853736,6.383155298399379,6.048714488633575,8.236334358553304,5.592123960619863,4.335826430064302,3.969255123675177,0.748256645057772,0.0,0.0,0.0,0.0,0.0,0.0,0.0,0.0
BLZ,Belize,0.0,0.0,5.048322429345717,8.895667376677407,2.747228830838818,1.7727220233724126,4.108560981846454,1.416300685330729,0.0,0.0,4.064399047456025,1.9788324478326729,3.76496298288425,2.8607356001139816,3.7143167175298446,0.7453219892627483,5.031403670459964,7.8100235604308175,5.031403670459964,7.8100235604308175,0.0,0.0,3.778043559807728,2.6250703639452126,0.0,0.0,5.20828962539797,10.0,0.0,0.0,3.5782993632928526,1.0696359846979782
BEL,Belgium,6.3294585853102605,10.0,7.26960963638928,10.0,5.722362896169502,3.158025745650095,8.643409077538248,10.0,8.723531563667136,10.0,0.0,0.0,5.553426863052957,1.2999230780627427,5.446306495096806,0.22003358026100922,4.969515791243871,0.32001549402329466,6.9041689336266066,5.995767930704504,7.264514455174514,9.929146106292595,4.998555740304853,0.6813837403027417,0.0,0.0,0.0,0.0,0.0,0.0,0.0,0.0
BLR,Belarus,6.670951440310124,10.0,7.088637994996432,10.0,0.0,0.0,6.502178017390198,1.657856118178492,8.48470860419572,10.0,0.0,0.0,4.570400362961964,0.537996269011169,5.235924891812633,0.2228999033778152,7.086061487330517,9.959286289611388,7.088984869933423,10.0,7.077508249739391,9.841106066261968,4.871094458818047,0.7488673994892684,0.0,0.0,0.0,0.0,0.0,0.0,0.0,0.0
FRA,France,7.734824234156473,10.0,8.532088883421473,10.0,5.89956395682705,0.6700000713469028,10.0,10.0,10.0,10.0,0.0,0.0,6.197935325653919,0.47231369426753017,7.265690850576581,0.3778851458146755,8.290330073574728,7.058045247628979,8.455897013066267,8.898023714852364,8.288573108510969,7.040688881530275,6.583316984231083,1.1639211508240002,0.0,0.0,6.916014358867578,0.10242458743685745,0.0,0.0,0.0,0.0
BHR,Bahrain,0.0,0.0,5.212949528974328,4.181646588378942,3.696669799245675,2.0082503432934997,7.090452218492935,10.0,7.090575366505176,10.0,5.470486838793875,5.408840953757195,0.0,0.0,0.0,0.0,4.947303697349039,2.573412132532967,5.46039433463881,5.332548514300961,0.0,0.0,0.0,0.0,4.888074754008768,0.7771084337337907,0.0,0.0,0.0,0.0,0.0,0.0
GEO,Georgia,5.825885061785083,10.0,6.618045449414256,10.0,3.516700857779155,0.6120306671199348,6.84086622239108,4.68494628505259,6.999136826592453,8.43201124472733,4.110942618904809,0.21474700414090123,3.4821360820128264,0.29407682468587026,4.396655793376615,0.11620084345639545,6.388358363265671,7.240790386429583,6.406257452798187,7.424605514083694,5.497038211809779,2.0419322482953315,4.515415927468658,0.9114354659448728,0.0,0.0,0.0,0.0,0.0,0.0,0.0,0.0
DEU,Germany,7.685645695328295,10.0,8.57736400249729,10.0,6.519270872574637,1.2949102443011407,8.894348277560908,3.3237405746579283,10.0,10.0,0.0,0.0,5.9383643741888985,0.3317083635877546,0.0,0.0,7.541224843257481,2.3072530566049165,8.485365702575722,8.774400571155066,8.48431961221173,8.76158285031556,6.4673052501321,0.8994665513864514,0.0,0.0,0.0,0.0,0.0,0.0,0.0,0.0
BRN,Brunei Darussalam,3.1118702451383755,6.415965105944144,4.832850932367189,7.658345036064548,0.8901246148196815,0.24277398866808303,0.0,0.0,0.0,0.0,0.0,0.0,3.9370356334164214,4.051610307009404,0.0,0.0,4.988296302274596,8.558282861329307,4.988295350135082,8.558271470648679,0.0,0.0,3.676166125955659,2.6511637755639312,0.0,0.0,0.0,0.0,0.0,0.0,0.0,0.0
BWA,Botswana,4.888742410500086,9.144346774392737,6.620061489757348,10.0,0.0,0.0,3.1416556950625063,0.06615822396942507,6.211242743362721,3.39991939686377,6.56926048863717,9.314163657880908,5.182115497676488,2.0793854175910873,6.576901218186061,3.3421149264526417,6.3576051764632036,6.9270449084377095,6.545310412845787,9.007729651456511,0.0,0.0,4.650606535946576,1.138915490525939,4.840478545066178,0.2029640716044178,0.0,0.0,6.107509996870287,5.421437560666385,0.0,0.0
BRA,Brazil,8.546230407081104,10.0,9.457550598298456,10.0,4.791390646067951,0.04983581472399969,10.0,7.659349858705401,10.0,10.0,8.540431302151191,2.593438020857455,8.76987005653736,2.430811443163183,9.386038159923606,1.505502675782957,9.074119306637007,5.5312490449339125,9.08746203187066,5.636035000251064,7.11532152211021,0.275177050375555,7.381285542905803,0.8934612183286988,0.0,0.0,0.0,0.0,6.448373507862577,0.05416579272350397,7.925887188609096,1.1699372127697805
GAB,Gabon,5.901102048179975,10.0,6.653654620183864,10.0,3.231237286803836,0.3888176526518717,7.576549989658561,9.643863952406978,7.474429900923367,10.0,0.0,0.0,4.529058305048226,0.8662165706669424,0.0,0.0,6.233369014718083,5.129132677110755,6.440827538126819,6.865073126758458,0.0,0.0,4.80024405743583,1.2549935985332104,0.0,0.0,0.0,0.0,6.6571349627467695,10.0,0.0,0.0
CHN,China,10.0,10.0,10.0,10.0,10.0,4.8513533263761905,10.0,3.8506891817384195,10.0,5.448027548928415,9.642911373760661,2.1091627071475334,10.0,1.9808755786974122,9.348973642810286,0.11755309467838361,9.567089243174735,1.8893559392394788,9.929769764762225,3.1840344676259638,10.0,3.8221151987707533,9.708299030781737,4.683544073093912,8.991846721281096,0.013779034715707194,10.0,7.681809874431616,0.0,0.0,0.0,0.0
CPV,Cape Verde,0.0,0.0,4.823044776893261,5.227877827035591,0.0,0.0,0.0,0.0,0.0,0.0,0.0,0.0,0.762513293500648,0.07300462151870124,2.5664214651395776,0.02796997086624823,4.810487690172199,4.617241785167015,4.810487690172199,4.617241785167015,0.0,0.0,0.0,0.0,5.751250071762451,5.008687098004893,5.361460495524437,10.0,4.569378088538769,3.6491359716874427,0.0,0.0
BGR,Bulgaria,6.494758475526915,10.0,6.744114602431044,10.0,0.4196411354130767,0.013730931578916245,7.610378981311146,9.014002530056077,7.453453666300606,10.0,0.0,0.0,3.8867931898411108,0.3717457692479041,5.547762486749907,0.6834291989781289,6.461574518276692,6.34348579903437,6.770279754373114,9.771147806484672,5.656342182996812,2.0175927411368852,4.223151292536948,0.3869002005391055,0.0,0.0,0.0,0.0,0.0,0.0,0.0,0.0
GRD,Grenada,0.0,0.0,3.6958158637481744,6.85819128732846,0.0,0.0,0.0,0.0,0.0,0.0,0.0,0.0,0.0,0.0,0.0,0.0,2.9346702031739476,2.0884372921402266,2.9346702031739476,2.0884372921402266,0.0,0.0,0.0,0.0,0.0,0.0,4.041387354407706,10.0,0.0,0.0,0.0,0.0
GRC,Greece,6.281794600285071,10.0,6.9374755135166835,10.0,3.4511703829061373,0.3291754701071074,5.875438626448156,0.894149907290937,5.326144626353985,0.7126144013942457,5.337257442173957,0.8956832101849834,5.769066177014574,2.37326025334194,7.10242008530807,3.5647319430164583,6.649961992314739,6.011002962482489,6.792011844512115,7.336270805521199,5.3357434683239715,0.8936006731007967,3.882584862281105,0.06581477889125793,0.0,0.0,0.0,0.0,0.0,0.0,0.0,0.0
CHL,Chile,6.694077716593206,10.0,7.668282481186086,10.0,1.8959180987297592,0.022099555320899328,9.147477146404675,10.0,8.377002177261048,9.61314699103518,0.0,0.0,7.112733990589106,4.484990064780884,7.42553732233352,2.0099294944287913,5.50952278088642,0.4077381856394776,5.232567602683836,0.2459902009443121,6.071815973141224,1.0053050878984975,5.328080252890568,0.595893629507959,6.588666842075527,0.43891494444160517,0.0,0.0,0.0,0.0,0.0,0.0
CRI,Costa Rica,5.133299632373396,10.0,6.778994821072003,10.0,2.7060835943109627,0.18922107272643585,5.9061622630281185,1.2556181482781479,5.420403591596742,1.0766375125181458,3.9218312274646188,0.09014735624293495,4.940836028478294,1.239697489338903,4.691785010056442,0.14598583355827235,6.621668074570732,7.865963043633359,6.709196571241473,8.890040694268274,0.0,0.0,3.8281523999119678,0.13524899702671223,0.0,0.0,6.259962163077688,6.308756776393193,0.0,0.0,0.0,0.0
DNK,Denmark,6.229838624061833,10.0,6.626174885254405,9.301203387756416,4.783490704598508,2.1836571821655957,7.028028684094268,4.822832709897804,7.965699016568671,10.0,0.0,0.0,1.8856719013503642,0.03883694509817349,4.697111962280241,0.16558428418148083,6.6191098425186965,8.279487710719891,6.622036435969581,8.313440653875345,3.8261207261830776,0.07578749165290602,0.0,0.0,0.0,0.0,0.0,0.0,0.0,0.0,0.0,0.0
CZE,Czechia,7.076804933849139,10.0,7.177872490528482,10.0,0.0,0.0,5.863910546507228,0.7032026983442633,8.613446988634177,10.0,0.0,0.0,1.5068152589182144,0.013984731723215498,4.668869489307513,0.011167323465401419,6.2891176967618625,2.857764821619789,6.919575078467719,6.968451797709552,6.779458732679639,5.7242664858523105,4.60885652781936,0.38258899100614324,0.0,0.0,0.0,0.0,0.0,0.0,0.0,0.0
HRV,Croatia,6.129598783773749,10.0,6.359147989369973,10.0,2.6084582949806183,0.30354402399995545,5.96329928961525,2.407082270596317,7.4164643337093725,10.0,0.0,0.0,3.782376118979792,0.5863414591995688,5.104029093203954,0.7407467102433251,6.041484333499327,6.314747470666013,6.254653460503441,8.511890226105102,5.317458598734853,2.2585579347734352,4.513247216274696,1.3653586282950194,0.0,0.0,0.0,0.0,0.0,0.0,0.0,0.0
CYP,Cyprus,5.345205747474734,10.0,5.458693907425421,8.240555264002966,1.0844272071664927,0.13747550324463575,0.0,0.0,0.0,0.0,5.1296230915241035,4.664949699465004,1.6275577918432749,0.12845783990379647,4.327959418782832,0.8058111426895872,5.355073358917418,6.406585176351377,5.388083165221905,6.710233597073071,0.0,0.0,0.0,0.0,4.570052259618626,0.7420140837796906,0.0,0.0,0.0,0.0,0.0,0.0
GUY,Guyana,5.479564170207734,10.0,5.577373621354958,8.75463578773866,4.34182113861263,5.268086329914174,5.462795144475882,3.1914543432991618,3.3460784334263933,0.4185251294098564,3.5048643880628867,0.3540049392125772,3.1210974130705154,0.6460424044729827,0.0,0.0,5.673027687821095,8.996524835938702,5.659448345117304,8.827441041233048,0.0,0.0,5.274342520580071,10.0,0.0,0.0,4.128754347258894,0.11097275150686887,5.7195912978969,10.0,5.748722492541883,10.0
FIN,Finland,3.953268246013048,2.3749080662945063,6.584860998461392,10.0,3.1085109994191367,0.3613610626362914,6.237145878531578,2.2085515663571913,7.421890716064254,10.0,0.0,0.0,0.13271898395675663,0.005875101192359028,0.0,0.0,6.394774224825071,6.896043409910034,6.532910183801802,8.367300342613705,5.221503090848889,1.2824050090716705,4.692147659086642,1.141092075732121,0.0,0.0,0.0,0.0,0.0,0.0,0.0,0.0
GNQ,Equatorial Guinea,6.236966826880287,10.0,6.482381690718335,10.0,2.073936577707923,0.13469216337361883,7.491388092237493,10.0,7.492319348378766,10.0,0.0,0.0,1.6512244888444183,0.04139580079322861,0.0,0.0,6.077770782200218,5.4376066433347106,6.325334177356346,7.696202058818535,0.0,0.0,4.7720330105690385,1.638377085488893,0.0,0.0,0.0,0.0,6.431407635289286,9.929834613285047,0.0,0.0
EST,Estonia,4.615099945711694,10.0,5.679052370938297,10.0,0.2983382646002939,0.05330082839881291,4.30173587074834,0.8918288381065446,6.669805683883382,10.0,0.0,0.0,2.193514576974988,0.23620664951430093,3.5655700716556438,0.2191040494300193,5.67238220376884,9.567486618854876,5.67238220376884,9.567486618854876,2.4937490074177795,0.018713297510349745,2.8007835654677797,0.16560937403932835,0.0,0.0,0.0,0.0,0.0,0.0,0.0,0.0
ISR,Israel,6.7770345703800885,10.0,7.337561789565998,10.0,1.1179708881754022,0.014278153899533231,0.0,0.0,0.9123654356830304,0.0028171459097930964,6.269193767927374,2.1981418822172203,2.8378058741566514,0.05170821621194337,6.838595887616263,1.584924343117957,5.912584342060108,1.3037495527161953,6.362346206663372,2.51391433853648,6.381797345101407,2.585137216251123,0.0,0.0,6.368984685405119,0.5649527311352329,0.0,0.0,0.0,0.0,0.0,0.0
HUN,Hungary,6.822663429749369,10.0,7.0497288024623295,10.0,0.0,0.0,7.795429498235353,7.733598705031257,8.44430901890801,10.0,0.0,0.0,2.72132045355767,0.06736717955661126,5.315419901074579,0.2830683779694288,6.2454965246012035,3.2139694542716843,6.969506193009283,8.912348610051032,6.27983044942714,3.375001435758348,5.407323502120143,1.8997750672779374,0.0,0.0,0.0,0.0,0.0,0.0,0.0,0.0
VAT,Holy See,0.0,0.0,0.0,0.0,0.0,0.0,0.0,0.0,0.0,0.0,0.0,0.0,0.0,0.0,0.0,0.0,0.0,0.0,0.0,0.0,0.0,0.0,0.0,0.0,0.0,0.0,0.0,0.0,0.0,0.0,0.0,0.0
KIR,Kiribati,0.0,0.0,0.0,0.0,3.8600983198557124,10.0,0.0,0.0,0.0,0.0,0.0,0.0,0.0,0.0,0.0,0.0,0.0,0.0,0.0,0.0,0.0,0.0,0.0,0.0,3.0867447366156044,0.7080096815054777,0.0,0.0,0.0,0.0,0.0,0.0
KAZ,Kazakhstan,7.540458913240154,10.0,8.070566991675706,10.0,0.0,0.0,9.496415960104311,10.0,9.574072081596348,10.0,7.275884298288033,3.240463168119781,6.376516753591039,1.0996918032970058,7.363077115989979,0.9912329793953744,6.819135778337099,1.6768143678695095,7.046404556414314,2.3325952190465893,7.892612847182394,7.732837536193104,6.396011244903417,1.7978685853044014,7.783277192771147,1.1358606209687627,0.0,0.0,0.0,0.0,0.0,0.0
MLT,Malta,4.053416426713277,10.0,4.1858913246527925,4.335875573286347,0.0,0.0,0.0,0.0,0.0,0.0,0.0,0.0,0.0,0.0,3.9859578434521064,1.8636605163435194,4.64247853130468,7.41339961842939,4.64247853130468,7.41339961842939,0.0,0.0,0.0,0.0,1.8488649478203083,0.00274312373315257,0.0,0.0,0.0,0.0,0.0,0.0
JPN,Japan,8.188479219642069,10.0,8.62614941442492,9.705671863977585,8.714777835153223,10.0,9.89241092738348,8.585764829697062,10.0,10.0,0.0,0.0,6.132837948259018,0.33971424156233593,7.228575562834701,0.2371020809468292,6.925115204247707,0.7406925660594496,7.694170834122065,2.334512035484032,7.127807284425366,1.0127045975374374,7.497202002464394,3.5443526119122275,0.0,0.0,8.72379204106909,10.0,0.0,0.0,0.0,0.0
ITA,Italy,7.972799081236446,10.0,8.18568293018536,10.0,5.441153146922456,0.5926478061335844,7.90725818794116,1.6892656504178496,8.637598995549126,5.874347232120998,5.467913584146743,0.11642670676913117,6.932898349756639,1.6505902933531211,6.978061481367615,0.419893146018925,8.142339274606543,8.648595513180195,8.151917218844337,8.765143364935179,5.55359029913816,0.1437491370109313,6.177244867495513,0.9664171007273219,0.0,0.0,0.0,0.0,0.0,0.0,0.0,0.0
JAM,Jamaica,5.767518753480601,10.0,6.357465251673443,10.0,3.4572954770997137,0.7988295113081643,0.0,0.0,0.0,0.0,0.0,0.0,4.566296123573336,1.4319387055201418,4.849244984328065,0.502829731557107,6.096529225934948,6.755272392265939,6.096529225934948,6.755272392265939,0.0,0.0,0.0,0.0,0.0,0.0,6.376989396387475,10.0,0.0,0.0,0.0,0.0
ISL,Iceland,0.0,0.0,4.516637545349102,6.766215294633271,3.191880101187987,4.708103452926524,4.033413338151922,2.0675754428337734,5.118699677153485,10.0,0.0,0.0,0.0,0.0,0.0,0.0,3.01773530548275,0.6786618943336911,3.3050486653952014,1.0585678565192824,1.9631305190200443,0.0806037901229735,2.3596881248047095,0.43055149946957677,0.0,0.0,0.0,0.0,0.0,0.0,0.0,0.0
IRL,Ireland,5.096940567198434,9.727836904257838,6.707833581045398,10.0,4.094508754083186,0.9486506691351732,8.138818395634441,10.0,8.140282053531452,10.0,0.0,0.0,3.1962333481759284,0.16863146723921793,4.307929986000669,0.03608092925842986,0.0,0.0,0.0,0.0,0.0,0.0,4.063554228795185,0.27211727800780444,0.0,0.0,6.783580099430584,10.0,0.0,0.0,0.0,0.0
LIE,Liechtenstein,2.1594032636843195,10.0,3.062160673754066,10.0,0.0,0.0,3.6745928085048787,10.0,3.6745928085048787,10.0,0.0,0.0,0.0,0.0,0.0,0.0,3.062160673754066,10.0,3.062160673754066,10.0,2.6480257469127064,5.5991079391590866,1.944859429601949,4.155282769321616,0.0,0.0,0.0,0.0,0.0,0.0,0.0,0.0
LUX,Luxembourg,1.0654670773977044,0.3462328424213851,5.166519975514363,10.0,0.0,0.0,6.199823970617235,10.0,6.199823970617235,10.0,0.0,0.0,3.967888210226362,3.8282661572274934,0.0,0.0,5.16468453073412,9.974418703548423,5.166519975514363,10.0,5.162249716612769,9.940583713737785,2.437752541710837,0.26640085172679817,0.0,0.0,0.0,0.0,0.0,0.0,0.0,0.0
PRY,Paraguay,6.613217975656144,10.0,7.282820470701026,10.0,0.0,0.0,8.70880352274603,10.0,7.973921048904531,10.0,6.9837556930751825,6.529053354199847,6.979135259557646,6.537882300603718,5.655928124634805,0.31358008408091165,7.177113490691185,8.559278471815897,7.2331879235045635,9.25686023477464,0.0,0.0,5.216351301562883,0.9614234308619178,0.0,0.0,0.0,0.0,0.0,0.0,0.0,0.0
LTU,Lithuania,5.7668025976444435,10.0,6.176838122246455,10.0,2.0550237726799114,0.20915350526951887,1.4653278701153125,0.0176793358382373,7.357706500794459,10.0,0.0,0.0,1.3407040655433429,0.045948918962686505,3.580873892376829,0.035879038514607525,6.16193879579999,9.772722101122653,6.16193879579999,9.772722101122653,5.347340123986489,3.103208527065251,3.3894202765638237,0.2288400592294455,0.0,0.0,0.0,0.0,0.0,0.0,0.0,0.0
MUS,Mauritius,5.073862890068505,10.0,5.3545852075664735,7.491616916696969,0.0,0.0,0.0,0.0,0.0,0.0,0.0,0.0,0.0,0.0,4.705056431417807,1.4130526809084412,5.429057354608166,7.475668488391905,5.429057354608166,7.475668488391905,0.0,0.0,0.0,0.0,0.0,0.0,5.637200589585785,10.0,0.0,0.0,0.0,0.0
MHL,Marshall Islands,0.0,0.0,0.0,0.0,3.471955958559987,10.0,0.0,0.0,0.0,0.0,0.0,0.0,0.0,0.0,0.0,0.0,0.0,0.0,0.0,0.0,0.0,0.0,0.0,0.0,0.0,0.0,3.5798119124966408,10.0,0.0,0.0,0.0,0.0
LVA,Latvia,4.448912324264878,10.0,5.906210004165637,10.0,1.9110976395100199,0.25612644258349193,4.481080350070828,0.8228004535051187,7.066546072329631,10.0,0.0,0.0,0.9028908818781627,0.04011631594320264,3.9691938277559418,0.2946500798629235,5.860863776327361,9.313303671439293,5.852731190444502,9.208120375621958,3.9543846755276846,0.5749190992728486,4.641251263059639,3.3233635671495074,0.0,0.0,0.0,0.0,0.0,0.0,0.0,0.0
KWT,Kuwait,3.6086805719752832,1.3735049181025512,6.197419246263809,5.404391885890161,4.3614045960943155,1.4233908630376424,5.371879089970845,0.759294353495576,7.846241199195734,10.0,6.584089082857486,8.360349074429832,5.34235258794522,2.2017508564971875,4.79157657434483,0.22638354275979075,5.901977557631294,3.1964019106393797,6.584087672845501,8.360332591688186,0.0,0.0,4.880757237024822,1.4210185452005666,6.825872320170468,2.6176742815222593,0.0,0.0,0.0,0.0,0.0,0.0
POL,Poland,7.4703024334612325,10.0,8.068595593254235,10.0,4.783385524614895,0.3530341695317121,8.01805345843333,2.437807778879304,9.652556407618382,10.0,0.0,0.0,5.26440937539606,0.30711333330431356,5.93557909466344,0.05596432808475874,7.0684547916168325,2.4199249693463205,8.016421106343644,9.238873178603107,8.026289408083194,9.367081041887426,5.638908358012322,0.5026799172480789,0.0,0.0,0.0,0.0,0.0,0.0,0.0,0.0
QAT,Qatar,0.0,0.0,5.756493002352457,5.972097293846589,1.494393879636271,0.10639297676183215,0.0,0.0,4.21757913828319,0.6115691900116695,6.14599935513906,9.26771376696385,2.484340374864635,0.16628620124460716,0.0,0.0,5.800205111927234,5.709361291450203,6.145317839348884,9.258896807141964,0.0,0.0,0.0,0.0,6.589765599695298,4.106633534184967,0.0,0.0,0.0,0.0,0.0,0.0
PRT,Portugal,6.32936472054442,10.0,6.951959380184181,10.0,3.2154391542583824,0.2595321528881716,3.604866952415955,0.06772574920375286,0.0,0.0,4.807154465539424,0.39458736474336215,6.194515804238847,4.005894419017567,7.243654431875063,4.374597136394198,5.463093088418625,1.1255596514493473,5.469388779564802,1.1362746639075942,5.991111247371481,2.442908120238034,4.185167872138615,0.2199285003209336,0.0,0.0,6.989214012981715,10.0,0.0,0.0,0.0,0.0
PAN,Panama,5.703689424620713,10.0,6.833679023410343,10.0,3.2620420037400697,0.3237891081557366,6.288729873808128,1.7597659905277316,6.130281851801467,2.199490893738562,0.0,0.0,4.3661467780029675,0.5771445873108815,4.572701835300975,0.07867325116616014,6.662761122559673,7.506853411707799,6.731521630011026,8.265012184035271,0.0,0.0,4.698985401400772,0.8155337865716142,0.0,0.0,0.0,0.0,0.0,0.0,4.70352329489601,0.45253216286890274
PLW,Palau,0.0,0.0,0.0,0.0,0.0,0.0,1.1989264254362881,1.7856570841702015,1.1989264254362881,2.6784856262553025,0.0,0.0,0.0,0.0,0.0,0.0,1.877448791229191,3.540824173479891,1.877448791229191,3.540824173479891,0.0,0.0,0.0,0.0,0.0,0.0,2.615856502099824,10.0,0.0,0.0,0.0,0.0
NOR,Norway,5.278059295421865,10.0,6.575239527167647,9.594546223897021,3.5514857786539635,0.5848843401365523,7.340564940828631,7.646423084237095,7.986361789488086,10.0,0.0,0.0,2.5871327871075893,0.09635261417830104,0.0,0.0,6.36968822575376,6.46807435002664,6.442089031818174,7.159135471040746,6.302565130653732,5.886289465888961,4.373180419742357,0.6373896052825916,0.0,0.0,0.0,0.0,0.0,0.0,0.0,0.0
OMN,Oman,5.599436128588095,10.0,6.696121809714771,8.090227837573249,3.7293163360516757,0.5132464507509861,1.4515357153856003,0.0062127573820748745,0.0,0.0,6.762438767719691,7.980562016327509,4.01414197476228,0.35621219083813604,5.168370286305366,0.2865463547650167,5.180202196336336,0.8071322094045736,5.894368902710511,2.3348589290906623,0.0,0.0,5.193848556254966,1.66565673708494,8.086886300678326,8.591681496826185,6.676497557786351,10.0,0.0,0.0,0.0,0.0
NRU,Nauru,0.0,0.0,0.0,0.0,0.0,0.0,0.0,0.0,0.0,0.0,0.0,0.0,0.0,0.0,0.0,0.0,0.0,0.0,0.0,0.0,0.0,0.0,0.0,0.0,0.0,0.0,0.0,0.0,0.0,0.0,0.0,0.0
NLD,Netherlands,6.114141005215696,10.0,7.525933188843903,10.0,8.376628168439746,10.0,8.32270530710756,7.283947726494692,9.024667904550553,10.0,0.0,0.0,5.027919214085371,0.4921472113544551,0.0,0.0,4.269390992430691,0.009949482541764622,6.441690039740496,2.1302194154291945,7.494290714705765,9.451217271547446,6.521922108195498,4.832346047264102,0.0,0.0,0.0,0.0,0.0,0.0,0.0,0.0
MDA,Moldova,6.216916731463162,10.0,6.423745050060471,10.0,0.0,0.0,7.559349266841321,10.0,7.708497419545608,10.0,0.0,0.0,1.3819493536923861,0.03433175237387032,5.511954884165418,1.1821972913621681,6.42374644726808,9.999980430093439,6.42374644726808,9.999980430093439,6.42374644726808,9.999980430093439,3.963185159894659,0.47741906716047544,0.0,0.0,0.0,0.0,0.0,0.0,0.0,0.0
MNG,Mongolia,4.022627971394974,2.019151151271039,6.846237465371272,10.0,0.0,0.0,5.2822831337668195,0.5683061614503396,5.441548430134979,1.0240148903736563,0.0,0.0,3.7751822752612156,0.30071368324342884,4.780899314982994,0.15498979001935595,6.448220726885256,5.718538368010891,6.6368322884707736,7.450889830305335,6.783460144009157,9.146673020157236,4.703651150223824,0.8517305240679761,6.7596248127457965,1.986650160377133,0.0,0.0,0.0,0.0,0.0,0.0
MEX,Mexico,8.519791559632608,10.0,9.301887448006646,10.0,6.006676206779828,0.2626161863652212,10.0,10.0,10.0,10.0,8.266331893669046,2.2986367278504893,8.791706439051113,3.2419522267540595,8.886499468986944,1.056199792459532,9.056536679686326,7.048399845248449,9.064218156993865,7.124675926432669,6.314117877086716,0.06073045011159578,7.2916099364801275,1.0570292366458598,8.139929039685407,0.2316400197954357,8.467327070550402,3.560043028046332,0.0,0.0,0.0,0.0
MCO,Monaco,0.0,0.0,0.0,0.0,0.0,0.0,0.0,0.0,0.0,0.0,0.0,0.0,0.0,0.0,0.0,0.0,0.26659138843546054,0.180896631504796,0.26659138843546054,0.180896631504796,0.0,0.0,0.0,0.0,0.0,0.0,0.0,0.0,0.0,0.0,0.0,0.0
MDV,Maldives,0.0,0.0,0.0,0.0,0.0,0.0,0.0,0.0,0.0,0.0,0.0,0.0,0.0,0.0,0.0,0.0,0.0,0.0,0.0,0.0,0.0,0.0,0.0,0.0,4.522963576199842,3.3444344911207624,0.0,0.0,0.0,0.0,0.0,0.0
MYS,Malaysia,6.950652935725242,10.0,8.207557155230543,10.0,5.098894759717625,0.37950654687789787,9.751856546138313,10.0,9.805415738151897,10.0,5.912534604063175,0.2806330389186711,7.021517337426117,1.7358035231301543,0.0,0.0,7.895687502676669,5.808468977891066,7.8130113404775505,5.170602678694086,0.0,0.0,7.004826497666065,3.283077055629416,0.0,0.0,0.0,0.0,0.0,0.0,0.0,0.0
FSM,Micronesia (Federated States of),0.0,0.0,0.0,0.0,0.0,0.0,0.0,0.0,0.0,0.0,0.0,0.0,0.0,0.0,0.0,0.0,0.0,0.0,0.0,0.0,0.0,0.0,0.0,0.0,0.0,0.0,0.0,0.0,0.0,0.0,0.0,0.0
SYC,Seychelles,0.0,0.0,1.8116836043310662,0.34100360222888854,0.0,0.0,0.0,0.0,0.0,0.0,0.0,0.0,0.0,0.0,0.0,0.0,0.0,0.0,0.0,0.0,0.0,0.0,0.0,0.0,0.0,0.0,0.0,0.0,0.0,0.0,0.0,0.0
SGP,Singapore,4.358671075025346,4.735912253569534,6.2790940361621805,7.443213645923157,0.0,0.0,7.879597995566728,10.0,7.879597995566728,10.0,0.0,0.0,0.0,0.0,0.0,0.0,6.344471041768827,7.3334328411248375,6.344471041768827,7.3334328411248375,0.0,0.0,0.0,0.0,0.0,0.0,0.0,0.0,0.0,0.0,0.0,0.0
SAU,Saudi Arabia,5.769133235039786,3.099079577503812,8.246442256041645,10.0,4.568506113797186,0.20606576418223269,4.162109213829945,0.02151077925873018,8.431218329694087,4.398473305838457,8.20990054957875,9.020314730381124,6.640517441699378,1.1193902304782855,6.801652967120171,0.2873096986446872,8.204954575596188,8.958200123417075,8.238996380462536,9.394437045670331,4.997929546493867,0.0068536006694357825,6.158355941974716,0.8787732826741144,9.537493179678352,6.952594966369569,0.0,0.0,0.0,0.0,0.0,0.0
TON,Tonga,0.0,0.0,2.197048557094854,0.4215804565349582,0.0,0.0,0.0,0.0,0.0,0.0,0.0,0.0,0.0,0.0,0.0,0.0,0.0,0.0,0.0,0.0,0.0,0.0,0.0,0.0,0.0,0.0,4.402244441142535,10.0,0.0,0.0,0.0,0.0
SMR,San Marino,2.850717502723089,10.0,2.850717502723089,10.0,0.0,0.0,0.0,0.0,0.0,0.0,0.0,0.0,0.0,0.0,0.0,0.0,2.850717502723089,10.0,2.850717502723089,10.0,0.0,0.0,0.0,0.0,0.0,0.0,0.0,0.0,0.0,0.0,0.0,0.0
LCA,Saint Lucia,3.2840168207317135,10.0,4.112531610683883,8.34896936643109,0.0,0.0,0.0,0.0,0.0,0.0,0.0,0.0,0.0,0.0,0.0,0.0,3.898661527193054,5.559705545960345,3.898661527193054,5.559705545960345,0.0,0.0,0.0,0.0,0.0,0.0,4.317817303450156,10.0,0.0,0.0,0.0,0.0
VCT,Saint Vincent and the Grenadines,0.0,0.0,3.5880770837653784,5.682550510757763,0.0,0.0,0.0,0.0,0.0,0.0,0.0,0.0,0.0,0.0,0.0,0.0,3.3456428239757705,3.625831684302312,3.3456428239757705,3.625831684302312,0.0,0.0,0.0,0.0,0.0,0.0,4.067349239397302,10.0,0.0,0.0,0.0,0.0
WSM,Samoa,0.0,0.0,2.460663267078394,0.28317913125978306,0.0,0.0,5.6726122226986675,10.0,5.6726122226986675,10.0,0.0,0.0,1.6378857859798384,0.38734138899701537,4.248450795940922,2.482391690331257,3.9157773212924627,2.5536700733489703,3.9157773212924627,2.5536700733489703,0.0,0.0,0.0,0.0,0.0,0.0,4.883031652891799,10.0,0.0,0.0,0.0,0.0
KOR,Republic of Korea,5.867400680604106,4.8063132201807,8.010774381488057,10.0,5.705960503615826,1.0335986017808043,6.954600872758104,0.7253052939205892,7.5558922728374025,2.173991323350649,0.0,0.0,6.043411327202266,0.7621620656904231,6.044516978286655,0.08919757991759342,5.512204340086908,0.19619692418858356,6.952396178586561,2.0725626148960803,4.968888623246914,0.03929376587597536,6.267363771554713,1.5004059599940383,0.0,0.0,8.064380564427033,10.0,0.0,0.0,0.0,0.0
ROU,Romania,7.471500673072164,10.0,7.593203097844697,10.0,2.349777597871195,0.0406677223264191,8.989407330509957,10.0,9.036670141214625,10.0,0.0,0.0,5.057183343470735,0.45911631579096407,5.773563175228855,0.18555938174817993,7.467363650788073,8.200250474676807,7.525578664866939,8.89547893417645,7.399566229069275,7.458011623536731,5.52534161963963,0.9424074997872499,0.0,0.0,0.0,0.0,0.0,0.0,0.0,0.0
KNA,Saint Kitts and Nevis,2.69450983548545,10.0,2.85677595862909,5.513455087781014,0.0,0.0,0.0,0.0,0.0,0.0,0.0,0.0,0.0,0.0,0.0,0.0,2.667612556047938,3.7934045397460343,2.667612556047938,3.7934045397460343,0.0,0.0,0.0,0.0,0.0,0.0,3.357483582968408,10.0,0.0,0.0,0.0,0.0
THA,Thailand,8.204675849636756,10.0,8.501749015270867,10.0,5.124568128591385,0.27568279013162567,9.186465179527817,4.934088451127367,9.068435525827335,6.460756345861202,8.372344421731391,7.950865372600294,7.405438360458294,1.9046482227793569,6.662434823835701,0.10497601563934987,8.501016037496669,9.517327555767633,8.474803369562984,9.175239339018532,0.0,0.0,7.754691939752999,6.726100924060642,0.0,0.0,7.966473973965478,5.916641853582649,6.068978606093385,0.2592807034597764,7.10055279639617,1.4331342326167227
MKD,North Macedonia,5.736749723151449,10.0,5.95115569214509,10.0,0.0,0.0,3.889495536884774,0.3939864328927826,0.0,0.0,3.991583598461361,0.5722760994870435,3.9680218189702607,1.2937955787696982,4.978089537930639,1.2335725541392437,5.951858751849055,10.0,5.951858751849055,10.0,3.886182340782147,0.48103811005741726,3.997685970395549,1.1677482253964173,0.0,0.0,0.0,0.0,0.0,0.0,0.0,0.0
SUR,Suriname,4.924437896979193,10.0,5.4837871318838145,10.0,0.3386851007493199,0.0756689630474393,1.5128900485945582,0.04873814616482694,1.4275830022134137,0.06626843920276665,3.7374764187135128,0.8035259668338033,2.2553759032670895,0.3437424658851299,0.0,0.0,5.448267507357223,9.512910741017764,5.4482585605959715,9.512791909773341,0.0,0.0,5.284498154721238,10.0,0.0,0.0,0.0,0.0,2.8999021482651792,0.20396034928395315,5.147097766439286,6.941777375062485
SWE,Sweden,5.657936070872456,10.0,7.133151770115854,10.0,3.6830377488450536,0.3345104377451035,7.831271210159464,6.612644172910037,8.588179589553802,10.0,0.0,0.0,3.8003904749050426,0.1914502954924683,5.001103669307701,0.08908590905778804,7.072342321584621,8.423334491810042,7.112818543542308,8.913595502553017,6.759119466112078,5.429017313449996,4.882711832761249,0.6321408096273127,0.0,0.0,0.0,0.0,0.0,0.0,0.0,0.0
CHE,Switzerland,6.521916006398034,10.0,6.985264460673943,10.0,0.0,0.0,8.370176126051119,10.0,8.378189641123576,10.0,0.0,0.0,4.254171233018134,0.4203179789388363,0.0,0.0,7.003508604074317,9.991340151355693,7.004122677699626,9.99990587252261,6.260607799541444,3.5151848165298345,4.827075619346542,0.8041762775532147,0.0,0.0,0.0,0.0,0.0,0.0,0.0,0.0
SLB,Solomon Islands,4.858089363893543,10.0,5.520270088943842,6.5245065362775,4.0025333476688605,2.8870724469173696,5.983319769558683,4.706517117777955,6.258006221695812,9.685769457978964,0.0,0.0,0.0,0.0,0.0,0.0,4.7741546316207435,2.0273670725464323,5.229524168247738,3.8917233152833686,0.0,0.0,0.0,0.0,0.0,0.0,5.871867384183104,10.0,5.816673774985474,9.883157550540396,5.850805818502665,10.0
ZAF,South Africa,7.902198244179428,10.0,8.776847922972024,10.0,3.5972525749319217,0.03217010359873205,8.457756575236186,1.4439535049397796,9.140630424591189,4.754243188948125,7.0534017419394255,0.7805095996472396,8.80098999186844,6.431187511078283,8.633195376540305,1.6276068378240234,8.179626163910845,4.076972968622232,8.24679897917869,4.483261762554568,8.157114899693545,3.949035538271458,0.0,0.0,7.334334267454944,0.15469703933246495,7.312684901124478,0.41439937376143315,7.41635313933551,1.5066449237193487,0.0,0.0
ESP,Spain,7.655074299006006,10.0,8.00472304758298,9.832559768252914,3.66476001361941,0.09474088756572495,7.515865659126462,1.330267624105609,7.429352400084889,1.8062324939916095,7.232697836536768,2.976085217832906,6.3619448853487786,1.0570606088546233,7.590480476096168,1.3046720244032568,7.806996515349972,6.702298275108528,7.8875687809448,7.503364737833244,6.921297883272504,1.900238206280621,5.670835684104792,0.5144779287922481,7.047704106264733,0.4107823293773861,7.790176217342779,9.300941398289629,0.0,0.0,0.0,0.0
SVN,Slovenia,5.696567069967432,10.0,5.958017639037652,10.0,0.8755995783636266,0.07294393800630056,5.564149837717984,2.686043768055417,7.089674011238796,10.0,0.0,0.0,3.5924108706552325,0.8324628398856273,0.0,0.0,5.944212849091202,9.809178769336311,5.950529780489923,9.896045102378698,3.436787898925866,0.20917930513678928,3.6094217364590233,0.5914297138266366,0.0,0.0,0.0,0.0,0.0,0.0,0.0,0.0
SVK,Slovakia,6.281205930980492,10.0,6.6969874613126485,10.0,0.0,0.0,7.27569857446372,6.9399164696029105,8.03668758725613,10.0,0.0,0.0,2.498490444531493,0.08508861075532077,4.50528735296221,0.12121037519457653,6.668329784032508,9.604511537564948,6.6898995638172325,9.898086176669382,6.384366939457622,6.4550235709042685,5.044498056854537,1.8763764043097038,0.0,0.0,0.0,0.0,0.0,0.0,0.0,0.0
GBR,United Kingdom of Great Britain & Northern Ireland,7.222222080511961,10.0,8.550701688682572,10.0,6.813892205254014,1.8393405194980197,10.0,10.0,10.0,10.0,0.0,0.0,6.267716061987697,0.49039278383787954,7.226930626018492,0.3320759158008932,5.279233354802689,0.006048324953513684,7.696746534864835,2.919837123061747,6.75904960740684,0.7259996027566379,6.0423943038491155,0.4167252710126462,0.0,0.0,8.23192115915821,8.773741571430692,0.0,0.0,0.0,0.0
ARE,United Arab Emirates,4.172192048406244,1.5685906709486526,7.141514305725214,10.0,6.14686952261151,5.8294711861611965,0.0,0.0,0.0,0.0,7.11050817601837,9.07944286052338,4.991496525021198,0.7707484598287335,5.33591703434498,0.21892786669337125,7.07477621825695,8.637249343934396,7.087868794985302,8.796745674285734,0.0,0.0,5.525195046179642,1.8713830443943533,8.415223587823807,8.808694814544207,0.0,0.0,0.0,0.0,0.0,0.0
TUV,Tuvalu,0.0,0.0,0.0,0.0,0.0,0.0,0.0,0.0,0.0,0.0,0.0,0.0,0.0,0.0,0.0,0.0,0.0,0.0,0.0,0.0,0.0,0.0,0.0,0.0,0.0,0.0,1.4179896907056395,10.0,0.0,0.0,0.0,0.0
TTO,Trinidad and Tobago,5.523015724286997,10.0,5.830821739781089,10.0,1.001859745022359,0.0973194885173006,0.0,0.0,0.0,0.0,0.0,0.0,4.49186351602396,2.705027643029724,0.0,0.0,5.7398806366235,8.520098830020663,5.7398806366235,8.520098830020663,0.0,0.0,0.0,0.0,0.0,0.0,5.854550091284785,10.0,0.0,0.0,0.0,0.0
TKM,Turkmenistan,7.215941249597876,10.0,7.387251550951152,10.0,3.509848723818074,0.2090165376774316,8.793534471524486,10.0,8.78809700589647,10.0,7.379807627349286,9.841720431751558,4.302320156249962,0.260247382390876,6.021977282528189,0.46934967512582504,0.0,0.0,4.900201853098451,0.22239152921912242,7.350480775316467,9.446927193319787,6.6237065997534375,6.863716996058848,7.526470906563189,2.2815169095631544,0.0,0.0,0.0,0.0,0.0,0.0
UZB,Uzbekistan,8.451439237694474,10.0,8.511645397920146,10.0,0.0,0.0,10.0,10.0,10.0,10.0,8.406602638900685,8.626108184377259,6.223012254319146,0.5046852417714998,6.917772148641463,0.21120466970083995,6.539361744935775,0.5604845335788698,6.6506468947741295,0.6704214830859667,7.818667458328058,3.7725451412926643,6.921477925367202,2.0617891988167245,7.712830829753836,0.5179732133884501,0.0,0.0,0.0,0.0,0.0,0.0
URY,Uruguay,5.695001423717739,10.0,6.370711379686373,9.617581124590375,2.082307819675102,0.1432937607797668,7.6234477275508565,10.0,7.6234508944834705,10.0,0.0,0.0,6.293386195646637,9.135587325533013,5.677659204103282,1.3547400763002366,0.0,0.0,0.0,0.0,6.286483001570328,7.685233330276658,4.494435059378013,1.1188528199745984,0.0,0.0,0.0,0.0,0.0,0.0,0.0,0.0
MNE,Montenegro,4.325883079440011,10.0,5.229505616773621,10.0,1.0877745370053589,0.2530123266794801,2.881872194475558,0.3326896259351763,1.7250797579218222,0.13174504783946417,0.0,0.0,4.305259943794113,5.138713299798903,3.534436812374679,0.5476763148870377,5.168296394906937,9.116148366285973,5.187191196907572,9.35992221269304,2.7800333423711567,0.23911542207826236,3.122765940064562,0.8992800451835427,0.0,0.0,0.0,0.0,0.0,0.0,0.0,0.0
VNM,Viet Nam,8.812143153963826,10.0,8.978308975310318,9.662689473133605,9.328987941167929,10.0,10.0,8.653569102483178,10.0,10.0,8.566313786408784,4.872656189985954,8.292386473081182,2.498542875805369,6.974983731040766,0.016358840053382985,8.691222292213963,5.809456211145311,8.902174482590285,7.809291830154314,0.0,0.0,8.487714162103353,8.8107160178692,0.0,0.0,9.078024748763811,10.0,6.351598371151723,0.14711369351310885,0.0,0.0
DMA,Dominica,2.2272908671182634,10.0,3.412773098454339,8.571134861080129,0.0,0.0,0.0,0.0,0.0,0.0,0.0,0.0,0.0,0.0,0.0,0.0,2.9853257659084,4.223938411390024,2.9853257659084,4.223938411390024,0.0,0.0,0.0,0.0,0.0,0.0,3.599298872166822,10.0,0.0,0.0,0.0,0.0
AFG,Afghanistan,8.622150147840918,10.0,8.868254949624255,10.0,0.0,0.0,9.398217148238713,3.980686418504528,9.408654236622699,6.043211171362809,8.183659867119049,3.8214755992223908,5.439946773223051,0.1252979698255653,6.844607360010793,0.044527465311178446,8.530675024539109,6.234337721459676,8.497531507187698,5.950786917338372,7.004900418771751,0.6686619209735629,6.942515302959613,1.2225562272385926,10.0,5.417419530231567,0.0,0.0,7.300012044061798,1.174756965451522,8.820427689809426,10.0
COM,Comoros,0.0,0.0,5.361974684850092,4.875162869811619,0.9491571050917331,0.08029132211266789,0.0,0.0,0.0,0.0,0.0,0.0,0.0,0.0,0.0,0.0,5.717126663910068,7.222695201386787,5.717126663910068,7.222695201386787,0.0,0.0,0.0,0.0,0.0,0.0,5.949849905475184,10.0,5.947824921588288,10.0,0.0,0.0
NZL,New Zealand,4.949058408804694,8.20068623454446,6.581894563448052,8.681142756553356,2.8739482773325076,0.24065189680350357,6.706387692219563,3.307179339404802,6.6450525235217865,4.622547908017255,0.0,0.0,4.518597599967464,0.7992524105176643,5.0841006961330955,0.35004189127048085,5.386340206845266,1.414588095986017,6.171309251072344,4.381956532939906,0.0,0.0,4.082458368659498,0.30138686197840914,0.0,0.0,6.7593080825948215,10.0,0.0,0.0,0.0,0.0
SRB,Serbia,6.788993860502323,10.0,7.014288914795551,10.0,0.0,0.0,6.7600045899135655,2.4732559184047203,6.974785758018337,4.750626643345538,0.0,0.0,4.532776785116287,0.5711844942986228,4.9127956223536895,0.13039973668352328,6.747519084281781,6.886046612315097,6.985957917975753,9.612083382479653,6.6790274240869,6.255215047659142,5.264565381563119,1.6154564986096234,0.0,0.0,0.0,0.0,0.0,0.0,0.0,0.0
PRK,Democratic People's Republic of Korea,6.745755555359622,10.0,7.879877443831525,9.94966887048652,5.962570471924613,1.6048495174909223,5.435535052304656,0.14580262929997026,6.944615829561437,1.2427878635286307,0.0,0.0,5.474783577925901,0.45762619223177425,6.887168985340274,0.6191534869710139,0.0,0.0,5.304016080778015,0.15657665747827887,6.6466085886070765,1.5451764095596188,6.462944948687788,2.3765140670007616,0.0,0.0,7.959751533268551,10.0,0.0,0.0,7.490447700777897,5.762908613782084
BTN,Bhutan,3.343859332431124,4.869535630847626,5.531380085840039,10.0,0.0,0.0,4.23741504589141,1.0513037681875146,4.608922188603843,2.418650138145751,0.0,0.0,4.514114007253758,4.337095213636317,4.530711073071167,1.3290730889764555,0.0,0.0,0.0,0.0,0.0,0.0,3.441924041015073,0.9338870049534126,0.0,0.0,0.0,0.0,2.528206569227899,0.06493928503076532,4.4720704213878255,2.4879448723550444
BGD,Bangladesh,9.554730686781935,10.0,9.60226828278382,10.0,9.218691026936954,6.900743567958536,10.0,10.0,10.0,10.0,9.442379580020535,7.830263453923635,6.6776555421182024,0.18507516754961184,7.795035413323106,0.05760791852171207,7.742968479950362,0.6570371361193224,7.716023718580246,0.6293371725966033,0.0,0.0,9.18784916179334,10.0,0.0,0.0,9.550458240055898,10.0,7.566525208724916,0.5484487573054959,7.71184608126953,0.6953738057228616
KHM,Cambodia,7.795512856536064,10.0,7.956346860908044,10.0,3.356587084150516,0.07675833451799398,7.6101583401506705,1.7130100880830388,9.299967358313523,10.0,7.946465626217509,9.428623038706151,7.916053163802931,7.308505651375567,6.261151811957578,0.19910895354827146,7.983738430166152,9.932199022214622,7.983663931178433,9.931166415783254,0.0,0.0,7.191143327978989,6.577358274182532,5.6408600622121625,0.007279243107813566,7.987145277082074,10.0,7.168141634688485,3.504461111454185,7.976888998772902,10.0
KGZ,Kyrgyzstan,7.174387682990971,10.0,7.375440299193741,10.0,0.0,0.0,8.85942263579546,10.0,8.845126159385435,10.0,5.622929226977042,0.7869611851074865,5.385841423754444,0.9165735006580432,5.762729417268089,0.3100092102749992,4.072979973881712,0.0033247428825402122,4.472893171345043,0.08028133501403117,6.370279895003382,2.392489615957665,4.6463390148954735,0.2613800227778746,6.043555010338691,0.3268422171217462,0.0,0.0,0.0,0.0,0.0,0.0
TJK,Tajikistan,7.609380883142194,10.0,7.732321623797417,10.0,0.0,0.0,9.270155049889276,10.0,9.17217590039594,10.0,7.205270209310471,4.7445575480335584,2.9772406542299574,0.03510815940856743,5.7006386435714695,0.10421492989832022,7.240118331600526,4.9835517482329825,7.2879338782568235,5.330778539405989,0.0,0.0,5.339483432425588,0.5394709896146399,6.92760519172607,0.6327674817593582,0.0,0.0,0.0,0.0,0.0,0.0
LKA,Sri Lanka,6.411457116843284,10.0,7.913380356339108,10.0,3.3490001192145398,0.07647214274113938,9.504457440135527,10.0,9.406995372333007,10.0,6.9012685742217315,2.159097675342852,4.704114673768846,0.18198288297905385,0.0,0.0,7.757823771787386,7.279090265688947,7.599058685263846,5.825557140823983,0.0,0.0,6.018831533249638,1.1452106598156744,0.0,0.0,7.9849946672726775,10.0,0.0,0.0,0.0,0.0
PAK,Pakistan,9.766276438251152,10.0,10.0,10.0,5.110273972935509,0.03331212379141875,10.0,10.0,10.0,10.0,9.973874582396475,8.938708055279537,8.52707363443132,0.8510834723579486,8.230615326515474,0.03558737814408483,8.977555545990601,2.1812412258831446,8.50949268240239,1.094424302000102,0.0,0.0,9.269402795990674,6.696900974186734,10.0,1.5627509525658692,8.905930368050104,1.7442593977439114,9.134847764738309,3.042528749109377,9.852729891059804,8.393403168241987
LAO,Lao People's Democratic Republic,6.680757749362388,10.0,7.410264898732446,10.0,0.0,0.0,8.74099782979361,10.0,8.310696946963903,10.0,6.930417936673887,5.092483484153636,8.203457407275152,10.0,8.06699422313301,6.369174146496668,7.36005533950695,9.301461735253197,7.383992240840727,9.617600513122673,0.0,0.0,6.189094422979422,3.5638638101057225,0.0,0.0,7.0705794122403915,8.73350311300002,6.597088717199038,3.532722055950165,7.144901281778964,7.657171283203895
NPL,Nepal,8.023854672243791,10.0,8.35121909235459,10.0,0.0,0.0,8.414898321258576,2.6215485933234377,8.056623802006088,2.6032262308253626,7.9624247217974675,5.802083104841445,5.690220695097736,0.3414604071971566,6.6237263932844055,0.1695642816416401,0.0,0.0,0.0,0.0,0.0,0.0,6.320356408332652,1.0298121246328589,0.0,0.0,0.0,0.0,0.0,0.0,7.182924996201964,2.1244293195133785
MMR,Myanmar,8.330023073033388,10.0,8.650475322111669,10.0,7.918379201415796,5.829745656611154,9.162632741220591,4.07028788292785,8.907190231240502,4.549829592977937,8.45341057744509,7.535082013959454,8.06351908173759,3.4450025842532392,8.201545628724007,1.1994371141865396,8.560177590611426,8.748747321903835,8.47505712236576,7.766894504021487,0.0,0.0,7.515135722491366,4.016238156408039,0.0,0.0,8.399452033127515,10.0,8.201301015806601,5.883488381677003,8.6146794586835,10.0
TLS,Timor-Leste,4.5672221903743875,9.716565316242702,6.189165822481651,10.0,2.3388855755384697,0.26098902680313385,6.428760278030088,4.824011659570228,5.305751346586936,1.9860727017984208,0.0,0.0,3.9735121920427288,0.8568514984256256,4.7148489283225725,0.512457499432694,5.763034186434942,5.020107834771567,5.858909665381105,5.745410618733006,0.0,0.0,0.0,0.0,0.0,0.0,6.234115621272607,10.0,3.310533647462188,0.07999817884677896,6.253878438969533,10.0
FJI,Fiji,4.335177598224487,10.0,5.4658838120818425,7.138335626754024,4.598071076470578,6.749551341139605,0.0,0.0,0.0,0.0,0.0,0.0,2.0651701480524585,0.18272351679952867,0.0,0.0,5.448892078739372,6.266056894314836,5.548548483537734,7.205891559937601,0.0,0.0,0.0,0.0,0.0,0.0,5.782934388400505,10.0,0.0,0.0,0.0,0.0
VUT,Vanuatu,3.41606295210411,7.899225746272137,4.627205398694134,4.617845709561631,2.748406637100725,1.6678234379061407,5.21179186909786,4.7390516093897554,5.220372495814987,7.17914972232082,0.0,0.0,1.7466627908393377,0.26317713444852414,0.0,0.0,4.57479265378107,3.8543602318495145,4.615881211035642,4.085385700214018,0.0,0.0,0.0,0.0,0.0,0.0,5.253422076451322,10.0,4.1860755570668,2.4592325423159576,5.216131147298313,10.0
PHL,Philippines,8.495577533780724,10.0,9.13888469811235,8.67298941897476,7.958458764750856,2.449331609555493,10.0,10.0,10.0,10.0,7.613901514686667,0.8595486194414316,7.334392034749996,0.5970136029032869,7.762398603897637,0.1617658031743506,8.554518552921841,3.4218398208657983,8.561778456255396,3.457351541099307,0.0,0.0,7.8077877417555825,2.33276825691899,0.0,0.0,9.314107501585056,10.0,6.432786301306634,0.09661816579450312,6.358959812165196,0.07635443443454552
PNG,Papua New Guinea,5.4967244503784825,5.266178013591029,7.532681003830095,9.743158574552282,4.424275655581251,0.4321143541473427,8.295292627200917,6.208060327075968,8.221382061532788,8.552476800056482,0.0,0.0,5.979142840173706,1.2942026649162972,5.330205649175271,0.03834012109925678,6.195393748402388,1.2955573622170773,6.533106225535609,2.125831910282879,0.0,0.0,5.452997946646363,0.8076458637912457,0.0,0.0,6.166995983778485,0.5490141888432966,7.504383610434377,9.365298269502798,7.583707646220446,10.0
USA,United States of America,8.856418531034299,10.0,9.757229425921425,10.0,7.817177914252433,1.1102704771669207,10.0,4.6904080247030615,10.0,10.0,8.814034893231458,2.588205214730296,8.235255710649119,0.8983337046673345,9.257418509622482,0.8183722898412081,8.761749356914878,2.4007994963497326,8.76837372544946,2.4238009087742993,9.258396405625147,4.867686555056352,7.63098761523662,0.8557486482268577,8.235842524648703,0.08964962227219499,9.22903499560899,6.205777363118369,0.0,0.0,0.0,0.0
IDN,Indonesia,8.899811107588109,10.0,9.785730823528969,10.0,7.250827399903407,0.5189541060939231,10.0,10.0,10.0,10.0,7.694056973529335,0.41245891475663427,9.046359852650387,2.050525541474759,8.609158714107094,0.2506954612194506,9.53505678187692,6.432011995891819,9.600022571268786,7.045493234707284,0.0,0.0,8.039525096421633,1.4679105031937196,0.0,0.0,0.0,0.0,8.48005530989757,1.5794771115460242,9.046169222973859,3.586150300009328
YEM,Yemen,7.227440408748784,10.0,8.75850585276634,10.0,4.598536955548111,0.10682156409410952,7.853015819460117,0.7546526722647903,8.661778719625726,2.8722340299982156,7.883303041313627,2.807945448875656,4.859778144797469,0.07215219233842572,0.0,0.0,8.765444013759334,9.73959192832568,8.768123952025105,9.776094009541136,0.0,0.0,5.977737495046199,0.21842825018784753,9.93088407413402,5.452349795150162,0.0,0.0,8.476545029027221,7.231552474314896,6.014674247624043,0.1324368325755242
UKR,Ukraine,7.659664668017449,10.0,7.993156947854899,10.0,3.8481188750872057,0.13056470920536656,8.885619061857364,7.184964866235442,9.574809904863207,10.0,0.0,0.0,6.165546938075117,0.9408271500953556,6.846972033550481,0.5293848716050004,7.905967347019998,8.602843586462718,7.921341911170881,8.789697357585283,7.915322011542337,8.716061764107435,6.0846633495846945,1.216179813407883,0.0,0.0,0.0,0.0,0.0,0.0,0.0,0.0
SYR,Syrian Arab Republic,8.034887189971528,10.0,8.250947655439422,10.0,2.395246463546229,0.017652201729319014,6.772870504999335,0.45442231755264717,7.434257808248901,1.4596359893019148,8.113174584140852,8.244352399561082,7.495679344968467,3.133179865203243,8.201604020473074,2.2245167578955964,8.143129564403923,8.596965682550303,8.095021059545799,8.037653374642824,6.564167602687731,0.8808305680691351,6.060982760711712,0.785768000683963,8.487554461596222,2.0934239015428298,0.0,0.0,0.0,0.0,0.0,0.0
LBY,Libya,7.064640102306626,10.0,7.258140007171332,10.0,4.486649356258756,0.7390420647150352,5.2408645135858425,0.293511746412567,6.661290795901411,2.259071032287,6.996432340670512,6.622076258522481,5.2005007268105725,0.8405525070636288,6.3381535490516185,0.8862782940433819,0.0,0.0,0.0,0.0,7.091117132939721,7.561650064199126,4.85069496988847,0.4966720390666602,7.942583985088481,4.326245121884332,0.0,0.0,0.0,0.0,0.0,0.0
TUR,Republic of TÃ¼rkiye,8.571234173914092,10.0,8.891960207738373,10.0,4.302565274585415,0.0636013041607199,8.897701656134599,2.1032115663250495,9.572443751567008,6.860334127604136,8.033533871862396,2.8958640946165786,8.322564848852613,3.2541368473862766,7.835531386640129,0.4601553686962559,8.568414393130846,6.173745646552062,8.581430143372385,6.2875984022458535,7.259928915119883,0.9282035509071185,6.221466989717608,0.2912174202830492,7.938105128236115,0.35736790046531697,0.0,0.0,0.0,0.0,0.0,0.0
MAR,Morocco,8.184373093978257,10.0,8.437040370081688,10.0,4.078271329962432,0.09412371103618929,8.157195040545394,1.717946546648953,7.314103444675773,0.9762366498403583,8.003168730783218,5.4049038627124215,5.3490863141758656,0.20327152169030294,7.690614838331399,0.851492117625094,7.982331662176056,5.2486621982187325,8.038691206705016,5.6818529338621255,7.885447708363329,4.57846140680112,6.100787503713678,0.5991481424976374,8.754453053601164,2.191202403439324,8.442394371859868,10.0,0.0,0.0,0.0,0.0
JOR,Jordan,7.052342342134648,10.0,7.715429727943611,10.0,0.0,0.0,4.556185062539315,0.07424777509186509,9.082747190130837,10.0,7.527790732137184,7.693366897387794,3.6710280972743847,0.08039447735568635,6.2775244543477715,0.37834675914124655,5.963325664206596,0.7966302505535668,5.46899108294038,0.3524108864412926,6.08148797383312,0.9558068069955447,0.0,0.0,8.041809362414138,2.656218922860182,0.0,0.0,0.0,0.0,0.0,0.0
LBN,Lebanon,6.592231665017967,10.0,7.111333357418392,10.0,2.8060842297594535,0.1368344658909363,0.0,0.0,4.434705377687676,0.22307252541470027,0.0,0.0,3.0865558097538086,0.09449336081398568,6.219161295646977,1.010508516239739,4.636958326295639,0.229887171673022,4.714852805877771,0.267483436165896,5.3143761676983825,0.7426041206672027,0.0,0.0,5.267351508705744,0.14912084553060917,0.0,0.0,0.0,0.0,0.0,0.0
IRN,Iran (Islamic Republic of),8.003069030274782,10.0,8.963884780755215,10.0,6.562869188422627,0.7869015637739322,9.096162652594966,2.423348588510567,10.0,10.0,8.65156670304117,6.3524204596761304,7.963909651610557,1.974288629479546,7.236841172724882,0.12027912050380409,8.72594066143791,7.050784225907271,8.77965505701725,7.601701785902559,7.614437536337442,1.4389630225384753,7.353932083633613,1.9668641840665257,9.806142833156553,3.5873465362934707,0.0,0.0,0.0,0.0,0.0,0.0
IRQ,Iraq,7.9917885610687796,10.0,8.823557541170558,10.0,4.869732064370911,0.1381416961080037,2.5646267772101092,0.0016203949835628595,8.602131021356715,2.5378401925109357,8.823497426982419,9.989706598936786,8.351697082620303,3.8043222513093213,8.512501227517792,1.382385679378061,8.823189627196369,9.985416523494724,8.791321692899274,9.550973446251076,0.0,0.0,8.322034121948846,9.993170202612317,9.445388367634267,2.899002194118025,0.0,0.0,0.0,0.0,0.0,0.0
ARM,Armenia,5.969155270784193,10.0,6.384543236262643,10.0,0.0,0.0,5.725978296028879,1.7560624221854644,6.558477810952745,6.868801501773712,0.0,0.0,1.8154220496535196,0.05839599747296609,3.7204939697522237,0.007967064033104416,6.261363738896353,8.233596404455463,6.303929151773306,8.738421678845585,0.0,0.0,3.726357375538337,0.3032832419098485,0.0,0.0,0.0,0.0,0.0,0.0,0.0,0.0
DZA,Algeria,8.253215170095226,10.0,8.666189383707998,10.0,0.3608781841291009,0.0009387427690804053,8.849199191604308,2.745085388298718,9.007432304715831,4.940417753788097,8.425136893203705,7.003832383866238,7.168848234197964,1.1898758063116324,8.719471365665568,2.234822466838713,8.131861433107103,4.6369257678212525,8.418832344768186,6.942217535079175,8.039121458353534,4.06715768797883,5.86053452517278,0.2110942788020344,9.12744836130799,2.4370621999873037,0.0,0.0,0.0,0.0,0.0,0.0
RUS,Russian Federation,8.407685782920526,10.0,9.099339860697073,10.0,4.733913653723684,0.07785157251407306,9.761612673000702,4.236094583871488,10.0,10.0,5.997807724543684,0.033068664453717055,7.58685583555268,1.0392223648305507,7.999530462566433,0.3970396089767401,8.686281493963618,5.40002307550787,8.387576879114906,3.539996742852846,9.055473221219435,9.060336213516935,7.149414450464177,1.1256474049223497,0.0,0.0,0.0,0.0,0.0,0.0,0.0,0.0
IND,India,10.0,10.0,10.0,10.0,7.163189896471202,0.08891700458899732,10.0,10.0,10.0,8.831361485075186,10.0,9.158204319939308,10.0,1.2220558246556195,9.755070591117843,0.12841029667837736,8.385657388411417,0.15200655645960867,0.0,0.0,0.0,0.0,9.790855333495104,3.3580256534429207,9.59105643993618,0.05114433919041647,10.0,4.400288645833416,9.64576072442213,1.4925712200233854,10.0,8.62078188523526
STP,Sao Tome and Principe,4.796878061706292,10.0,3.8545316872173974,2.0869398354091553,0.0,0.0,6.000059914599985,10.0,6.000059914599985,10.0,0.0,0.0,0.0,0.0,0.0,0.0,4.9196439404877035,8.511039391135784,4.9196439404877035,8.511039391135784,0.0,0.0,0.0,0.0,0.0,0.0,0.0,0.0,5.017340963154151,10.0,0.0,0.0
NER,Niger,8.443168813840867,10.0,8.597289947702805,10.0,0.0,0.0,6.625556559513024,0.23782256605780644,8.001532437048047,1.7391308483029437,8.597179471110808,9.998458410049546,4.755990003745737,0.08290696891324442,6.867697486247724,0.15012024356532613,8.30245773218641,6.620478649264414,7.745277633579991,3.011834331511976,0.0,0.0,6.447784243830932,0.8432892535755858,9.393960700695933,3.771078441827722,0.0,0.0,8.585501491476768,10.0,0.0,0.0
MLI,Mali,8.243736556956982,10.0,8.516044821942868,10.0,0.0,0.0,6.1241968143372425,0.14919784109878484,7.122927709078299,0.7066742153200208,8.516974363114374,10.0,7.785409571825234,3.030331723844139,7.690184936143231,0.7510763989353567,8.488201296944576,9.606346095853349,8.506848216465423,9.859672866228731,0.0,0.0,6.8389053836287,1.8048378577448434,8.602554814358129,1.63226822593111,0.0,0.0,8.509294958698815,10.0,0.0,0.0
MRT,Mauritania,5.210635102102349,5.330125680240867,7.319947008120671,10.0,3.3149155211274426,0.18105651167352646,5.543921941669309,0.3927951426973649,6.553276446171502,1.883365540500479,7.209734024098641,8.421383895407464,4.588669893797585,0.39233887229414965,6.191038998778042,0.6719498743951982,5.801928002377831,1.1176370991700633,6.845271501537528,5.049901474804651,0.0,0.0,5.670440645738815,1.8490873542696726,8.497346661321618,7.824335835898191,0.0,0.0,7.250150647772635,9.912003112133636,0.0,0.0
GIN,Guinea,7.4146762946023275,10.0,8.06959111016266,10.0,4.631223466459952,0.297070678711446,7.936505375753515,2.225099789845761,7.745113144040589,2.6775934434921935,7.747543191775232,6.357595660802229,9.09666828871553,10.0,8.476833661926987,4.045656926864398,7.687339185329176,5.842135522712549,7.874017553217577,7.590708592395516,0.0,0.0,5.205888777334707,0.18548813075015289,0.0,0.0,0.0,0.0,8.063953077629115,10.0,0.0,0.0
LBR,Liberia,6.624352928111027,10.0,7.355283474808442,10.0,3.057566008746054,0.13016613937242802,8.727546200419463,10.0,8.7259884241115,10.0,0.0,0.0,7.263583975425169,8.250438130102133,6.411270626823469,0.8788392166995547,5.683108470274228,0.8988630516214038,6.91129665485736,5.354782068479094,0.0,0.0,6.320016304467015,4.66591569025618,0.0,0.0,0.0,0.0,7.298513018020574,10.0,0.0,0.0
CIV,CÃ´te d'Ivoire,8.201960740079183,10.0,8.61974953819846,10.0,2.256370025678443,0.008941396630007634,9.87586457532845,9.616153440501126,9.904385924435868,10.0,8.018251995823887,4.249461621713498,8.416871684467338,5.378066820114618,0.0,0.0,8.588949623403318,9.469937238877524,8.607405304465539,9.717109887175868,0.0,0.0,6.218676738094011,0.5274452829974219,0.0,0.0,0.0,0.0,8.625998074573443,10.0,0.0,0.0
GNB,Guinea-Bissau,6.182945796496953,10.0,6.480693804653217,8.64912444227019,2.3530688760271294,0.15138604173671705,1.7415906280974216,0.012479450402782788,0.0,0.0,6.534596991977543,8.384430472375982,6.444919477780381,8.413586012904004,6.508907637225327,2.900613288822839,5.869487257580423,3.2843787190018014,6.4563608516503725,7.515091202912662,0.0,0.0,3.79228934691918,0.18382653480034497,0.0,0.0,0.0,0.0,6.626111574330156,10.0,0.0,0.0
BFA,Burkina Faso,8.313259369089014,10.0,8.43143105285104,10.0,0.0,0.0,4.529353825843888,0.026767400643797786,6.160038618487935,0.2624459375910218,8.431532438696426,10.0,7.521797855849156,2.517384008484863,7.220020519923031,0.4333994528742577,8.423044723678496,9.882245176038664,8.42216224106648,9.870081059994249,0.0,0.0,0.0,0.0,7.770450938478495,0.6408503142967847,0.0,0.0,8.431532438696424,10.0,0.0,0.0
GHA,Ghana,8.36538210054647,10.0,8.54406744775744,10.0,4.293536143050096,0.09734796490691043,9.623698572035558,7.503378265959228,9.65254733812675,10.0,8.140274433138083,5.270399494220116,8.857749041068281,9.319729990118377,6.763645440323333,0.11399310237362419,8.551399025733938,9.378000875917001,8.551662265711524,9.381448824531423,0.0,0.0,6.154376879698158,0.49413285040505034,0.0,0.0,0.0,0.0,8.590491100487414,10.0,0.0,0.0
EGY,Egypt,9.09060513043233,10.0,9.39014137868498,10.0,8.074822991006554,2.509239702950422,4.181270890613543,0.004727318352565668,8.69774352051341,1.2851162762766928,9.317836994097727,8.960439034828555,7.302953528690059,0.5159141314193368,7.815101506095855,0.14588502352338045,7.354503101234528,0.500436841230988,7.2424602476345195,0.4141848629205557,8.88309127838284,4.868919391964287,8.898953098989804,10.0,8.749706283451598,0.5008286513756486,0.0,0.0,0.0,0.0,0.0,0.0
TUN,Tunisia,7.129327663133509,10.0,7.391287797093889,8.611064478139358,5.484663382917313,1.5762895740801044,7.254432527188922,2.015437452897473,8.368621117277952,10.0,7.306545158816895,6.874825101996944,5.0713407056980735,0.4897164231431851,6.287609583908225,0.503883634815855,6.6041690290669735,2.542436454806567,6.93977203279947,4.101728091327086,7.362583792627329,7.4363522244810065,5.093392559045671,0.45835412465606706,7.944093157163911,2.893446009942304,0.0,0.0,0.0,0.0,0.0,0.0
GMB,Gambia,6.807237529385403,10.0,6.816999727949793,10.0,2.7995026819539364,0.1947234603725366,4.994634830231508,0.40628716468399845,0.0,0.0,6.526215055202667,6.351976691391926,6.0998661708107225,4.350809092184936,6.6567081353221145,2.630579152492451,6.037291715042573,3.1830173002159756,6.105236377397261,3.5062177008674014,0.0,0.0,4.469538636890678,0.5565844287632586,0.0,0.0,0.0,0.0,6.831429382470297,10.0,0.0,0.0
AGO,Angola,7.792188518239416,10.0,8.786623199948172,10.0,3.318088749379954,0.0243766699848169,10.0,10.0,10.0,10.0,7.399375653959815,1.384652534307733,9.590213084329834,10.0,8.258810509100703,1.0508552165825142,8.650599793296221,8.267626018472754,8.676046938588447,8.567071112526408,0.0,0.0,6.367246202683344,0.5171614230786109,8.137178841875388,0.5909223123177771,0.0,0.0,8.771779283766156,10.0,0.0,0.0
TCD,Chad,7.7895221936483265,10.0,8.372685542461522,10.0,0.0,0.0,9.799915022352105,10.0,9.974517679479108,10.0,8.360080128272143,9.82148471842637,8.406084584633595,7.554753440427906,7.686389964307776,0.9487895333840574,8.314315660316042,9.213546799599559,7.321618331309707,2.262425660697325,0.0,0.0,6.968598837299915,2.727967346546868,8.884966593247706,2.834105461734977,0.0,0.0,8.26275442117063,9.536381353475079,0.0,0.0
NGA,Nigeria,9.940339380108323,10.0,10.0,10.0,6.5408185463838695,0.16845605060610572,10.0,10.0,10.0,10.0,9.948593474875011,8.402499996020918,9.945104573424304,4.242282958890894,8.503022606674417,0.10386952403673778,10.0,9.377723358425516,9.715106873774424,6.0579341225806544,0.0,0.0,8.189274045992631,1.3075490167411248,0.0,0.0,0.0,0.0,10.0,10.0,0.0,0.0
CAF,Central African Republic,6.414425374744042,10.0,7.445796249443004,10.0,0.0,0.0,8.566889321315744,10.0,8.312587116487636,10.0,7.40644239326248,9.465463887131873,8.553465781272818,10.0,5.063597659470558,0.027056403407451014,7.445797243984156,9.999999999999995,7.313236804010888,8.309620160106373,0.0,0.0,5.330014895981916,0.8932414406690943,0.0,0.0,0.0,0.0,7.445797243984156,10.0,0.0,0.0
CMR,Cameroon,8.166750713073382,10.0,8.564303655243792,10.0,2.8808224078904763,0.020019459037568285,10.0,10.0,10.0,10.0,7.893725125479356,3.89513284166088,8.405102103503797,5.788448717244358,6.417570575914351,0.029564079255546535,8.450406812633052,8.521823927197968,8.065923880267798,4.968433169878758,0.0,0.0,6.568898576656342,1.090663240165526,0.0,0.0,0.0,0.0,8.561144289792837,10.0,0.0,0.0
SLE,Sierra Leone,7.3242513679411685,10.0,7.6233999767933485,10.0,3.9383554237792824,0.24235101600687808,7.432895760095008,2.257167365424603,6.840558583879414,1.7119316984118558,7.3339431389824625,6.5058912399287205,8.884358272738728,10.0,8.559464492999142,8.22795733512729,6.245646480867802,1.3679832388548328,6.678659795172788,2.5709367514897528,0.0,0.0,5.2921910810124695,0.5909523665827935,0.0,0.0,0.0,0.0,7.62779002938728,10.0,0.0,0.0
SEN,Senegal,7.943127593787497,10.0,8.169942780098717,10.0,4.806057871773506,0.3058292687830048,7.454385264763465,1.0752055376445333,0.0,0.0,7.955287193459596,7.143136522129518,7.617733259929887,3.893020985166576,7.523496170830268,1.0144934307719367,6.798631052157081,1.3645159647069973,7.061295179051377,2.0056381315161724,0.0,0.0,6.203490283398611,1.0971307889473714,7.426946093853793,0.5899574006851513,0.0,0.0,8.17415915299988,10.0,0.0,0.0
TGO,Togo,7.411427098485679,10.0,7.6890467065774715,10.0,1.6528100343606333,0.015403432882202996,8.577033825420685,7.440089599538627,8.503344877664317,10.0,7.384927627732272,6.158406904236217,8.159458217992043,10.0,0.0,0.0,7.709249603230113,9.69675607322941,7.710208789958823,9.70974834088149,0.0,0.0,4.809185391235425,0.1561050555357718,0.0,0.0,0.0,0.0,7.729836122677997,10.0,0.0,0.0
SWZ,Eswatini,5.753321501997373,10.0,6.155024871427092,10.0,0.0,0.0,0.0,0.0,0.0,0.0,4.890357884815953,1.6589890214299974,5.97307179718681,9.827404177487024,5.776965021706438,2.488560115363607,0.0,0.0,0.0,0.0,6.115554039100311,9.462782375348537,0.0,0.0,0.0,0.0,5.481812388547476,4.907929735209383,3.25146492567935,0.09107366496456684,0.0,0.0
MOZ,Mozambique,8.365426063455102,10.0,8.679060253785403,10.0,5.683501394524134,0.40047866298063406,9.273364070684321,4.162550065311179,8.977301636834653,4.440373602697665,7.984694190073724,3.4965661244208373,9.566595099083207,10.0,8.446769593361449,1.4649202030961166,7.979551003835575,3.4710938835959233,8.060749830272906,3.8951546863589437,7.096240003109673,0.953225049275259,6.574559534250004,0.8319388115771208,0.0,0.0,8.483517976456325,10.0,8.725378529961437,10.0,0.0,0.0
MDG,Madagascar,6.902691898906684,9.86147582414143,8.519458420198161,10.0,6.834486792261265,1.8602451081335463,8.387229964488471,1.8526377403529428,8.835533844108403,4.6562222922534975,7.251177006537521,1.511111452354949,7.95983414174802,3.397925480924086,7.773627237297376,0.7600919223276573,8.191431642728224,5.808487573197298,8.341088174189242,7.165811273339817,0.0,0.0,7.05591669871551,2.282946593293227,0.0,0.0,8.579455374965073,10.0,8.545588530872323,10.0,8.545588530872323,10.0
NAM,Namibia,4.810957460712588,6.072403489000327,6.838324800392564,10.0,1.135747993209879,0.02915144864148872,5.745077894379913,0.9798821388990736,7.251762626941573,8.329280098105619,6.613974210786394,7.30416746165951,5.797592803424118,3.1228602574651614,6.328688429544952,1.7816031684415654,6.7525442081209475,8.866615641086916,6.763722137202463,9.006176443620694,4.695369079565219,0.4218342231850166,5.546172578710262,3.218025582215815,6.904039572845283,2.3961509567163963,0.0,0.0,6.509856864030387,7.0212651346774155,0.0,0.0
BEN,Benin,7.8344980377260285,10.0,8.04794079296253,10.0,2.869480974005933,0.03945517082881479,9.097467943457499,8.549607206014235,9.149586759253031,10.0,7.840693385369483,7.314555440427287,8.233501535691218,9.486023872534641,6.60594973688165,0.3242348153675084,8.045765353732168,9.743349255608546,8.045765353732168,9.743349255608546,0.0,0.0,5.723684672296845,0.6001444692605322,0.0,0.0,0.0,0.0,8.063286131916499,10.0,0.0,0.0
LSO,Lesotho,6.415238195085266,10.0,6.632451209679555,10.0,0.0,0.0,4.6479873243038785,0.36844416746858216,5.6481182133793855,1.7479475209011244,0.0,0.0,0.2883263237496587,0.00730571019337094,5.312557038449507,0.6358049193562995,6.6277381858756526,9.93444312581973,6.632298793452371,9.997873246150371,0.0,0.0,0.0,0.0,4.348842504373298,0.06365984273523895,0.0,0.0,0.0,0.0,0.0,0.0
ZMB,Zambia,7.107369996815261,10.0,8.338024180007016,10.0,0.0,0.0,8.440223387378216,2.713282594114434,9.073633508642114,8.439007026591995,6.978910624956792,1.4239053535056592,9.489585662712868,10.0,7.894839666111894,1.3031681901629704,8.24805610531502,8.704064788129278,8.274896890047218,9.036703139826797,0.0,0.0,5.516563936386603,0.20449814457806284,0.0,0.0,0.0,0.0,8.347435984457924,10.0,0.0,0.0
BDI,Burundi,7.124899433670691,10.0,8.10002327599666,10.0,0.0,0.0,7.583719760493713,1.4234770347661112,6.343795802728049,0.5122473792551622,0.0,0.0,6.702557807651433,1.5484270276397185,6.924398927908382,0.508133267278947,8.100596941469474,10.0,8.100596941469474,10.0,0.0,0.0,0.0,0.0,0.0,0.0,0.0,0.0,8.040046719103175,10.0,0.0,0.0
COG,Congo,5.8620116625280305,10.0,7.428323124664235,10.0,1.9055030551745187,0.03035207630971597,8.748135018917278,10.0,8.730412884497621,10.0,4.967576669275839,0.22583929352893445,7.081388213376959,5.876259805189413,0.0,0.0,7.2446341364467886,7.494941084149277,7.2520066060134,7.572704568326225,0.0,0.0,5.9760660086356765,2.45591081148124,0.0,0.0,0.0,0.0,7.450060592054136,10.0,0.0,0.0
COD,Democratic Republic of the Congo,8.27613427296392,10.0,9.56110736092882,10.0,0.5218791487942802,0.0003226654921303678,10.0,3.3648881547860015,9.928654081481062,4.0745532386817,8.393736030898433,1.841750874942854,10.0,10.0,9.128913193877729,0.9305714110951324,9.560353677921226,9.635200501270015,9.563876243846702,9.68269827198117,0.0,0.0,7.399344849317835,0.7895462658704124,0.0,0.0,0.0,0.0,9.55171537317752,10.0,0.0,0.0
TZA,United Republic of Tanzania,9.000951760364027,10.0,9.157337658433747,10.0,2.885582496427478,0.00839743286019458,8.985496419400993,1.5701901596807906,8.458142316838051,1.283413074023913,6.17928706023172,0.05505016165826274,8.736055435071009,3.5347036949714736,8.53456416071834,0.7806435714727888,9.149935963750517,9.354428429938933,9.169201505334362,9.609476662795469,0.0,0.0,6.067705944729679,0.0661789936202546,0.0,0.0,0.0,0.0,9.185222644459513,10.0,0.0,0.0
ZWE,Zimbabwe,7.882865236615108,10.0,8.166706274594736,10.0,0.0,0.0,8.129178281102517,2.4341275494915724,9.304753331927104,10.0,7.077692017568254,2.142280090809105,8.334727587494843,9.252077024336332,7.7907686123807185,1.5071404179120633,7.816590128631031,6.125207920280186,7.815381552164298,6.114820615512,0.0,0.0,0.0,0.0,0.0,0.0,0.0,0.0,8.163794425126246,10.0,0.0,0.0
MWI,Malawi,8.209638276334454,10.0,8.301579280618173,10.0,0.0,0.0,7.419470302465006,0.826753481843807,7.558575708875952,1.4555260912898516,6.522939319382566,0.7005212773506856,7.5645381697738205,2.931103951699821,6.264790050299606,0.053011102793183176,7.016382542350492,1.4838336893803235,7.796704850957053,4.556779293997231,0.0,0.0,5.207309800902582,0.0589342241954347,0.0,0.0,0.0,0.0,8.356967826882922,10.0,0.0,0.0
SSD,South Sudan,7.1827318773692,10.0,7.908805968394528,10.0,0.0,0.0,6.020625058299363,0.30651634546151457,5.976622929415081,0.43706278976609186,7.889910952874101,9.730126651962653,8.996044212651919,10.0,8.195839065177038,3.6443257451253213,7.9095127331073725,10.0,7.909177004092125,9.995315967429642,0.0,0.0,6.95288383823172,5.238771091005066,0.0,0.0,0.0,0.0,7.9094311723864585,10.0,0.0,0.0
SDN,Sudan,8.501655697218865,10.0,8.9367754313797,10.0,0.0,0.0,8.884791111695524,1.967167131303795,9.274236699681344,4.620141878422403,8.945720470757507,9.931140468086468,7.375459464735739,1.0382374509738805,8.549420854230599,1.190246895911392,8.950096276150983,9.99197250840016,8.841462619431576,8.585380030512974,0.0,0.0,7.659463470378587,3.2242194516908746,10.0,4.83271956351284,0.0,0.0,8.93173900215655,10.0,8.931111092989276,10.0
SOM,Somalia,7.487980761456022,10.0,8.170814849152265,9.839514261878875,4.32950828027791,0.1620168178181228,4.796191757708435,0.046211555388468065,7.412711244715896,1.4096184934099625,7.810699866722704,5.338886979756824,4.938361088714695,0.16328884099277677,7.08881040853093,0.488710403043482,8.224288109803874,9.531592178263836,8.224987328059974,9.540901823024688,0.0,0.0,6.8178846610996535,2.584225915481301,9.488238259007426,6.798547957440416,0.0,0.0,8.242474834346348,10.0,8.241950575107216,10.0
ERI,Eritrea,6.567254937467468,10.0,6.9242994792657875,9.87121581190916,2.5393126434291053,0.11581178126623173,5.52444500730388,0.6000226890726772,6.361521280430811,2.3593755176318734,6.479971923861136,4.756843017868477,2.7976400497016103,0.07796262419432609,5.024678700230254,0.17373730321442846,6.951443723820404,9.21709188361325,6.92000778960058,8.821065499182506,0.0,0.0,0.0,0.0,7.942589362118129,6.434018682370927,0.0,0.0,6.983596938986529,10.0,6.983596938986529,10.0
DJI,Djibouti,0.0,0.0,5.345340018484322,4.306706584087152,2.178686383639376,0.2998193708762295,0.0,0.0,0.0,0.0,5.478416603538655,4.673526910034974,0.5148364016728033,0.02207520279217812,0.0,0.0,5.478416603538655,4.673526910034974,5.478416603538655,4.673526910034974,0.0,0.0,3.9334631636242605,0.937214419106857,6.847383401533092,7.16239241996083,0.0,0.0,5.9892515376437245,10.0,4.519596958569301,1.2998029188444866
ETH,Ethiopia,9.254114472542252,10.0,9.626115276847573,10.0,0.0,0.0,9.9698026952601,2.682097760073923,10.0,5.212104688719194,7.886108575497059,0.8062973071530352,8.69584509832994,1.8561670531561318,8.986747155622279,0.7100291889591398,9.627194854256407,9.954549029373789,9.442496585795444,7.6898833167560525,0.0,0.0,0.0,0.0,9.409710612258243,0.836473503691162,0.0,0.0,9.500524618067109,9.27728755652941,9.498112933824999,9.24605458172755
KEN,Kenya,8.48407888253999,10.0,8.957759933382802,10.0,2.4711426323080614,0.006985309952155926,9.171653972087785,2.607894995228018,8.479140598340123,1.7624819301434975,7.341707462833008,0.941316084524801,6.807575858144142,0.5144845040819445,8.661360300904299,1.3043218854735672,8.932446369499482,9.284264679383393,8.950194792409254,9.51723956475613,0.0,0.0,5.9959739784733594,0.124015679296252,8.57976161690213,0.7770569188146853,0.0,0.0,8.852971796226376,9.241857359728618,0.0,0.0
ECU,Ecuador,6.963373259315048,10.0,7.882577668644643,10.0,4.151265764143902,0.2199207508782008,9.066792266535003,10.0,9.05432159997613,10.0,0.0,0.0,5.975003683982171,0.8976461528351585,7.234213270941053,1.127353114649377,7.00903063218897,2.894125658553371,7.314651671294399,4.467653020509669,0.0,0.0,6.555959519080049,3.0319514958627796,0.0,0.0,0.0,0.0,0.0,0.0,4.595993082301681,0.006446667237538606
GTM,Guatemala,6.924774402994603,10.0,8.069195104615842,10.0,3.2957620105672314,0.06388706524195574,8.436558888455952,3.9596803383650254,8.789810027269933,8.92024855076573,5.724119795314973,0.2937821464745316,7.566164291025471,4.360979881216317,7.22188101786392,0.8250442966838369,8.01493661651759,9.250003928642583,8.05890137830914,9.83558436449327,0.0,0.0,4.972834295266092,0.0784300620841927,0.0,0.0,7.235650690180537,3.5907342556744553,0.0,0.0,7.1386500181569685,2.987428055735967
SLV,El Salvador,6.29304258910788,10.0,7.127683831023179,10.0,3.2986136112746287,0.23300603960385974,0.0,0.0,6.418837170799749,2.115528920102416,6.080645488104622,2.247608363251803,6.377623830834274,4.034988417063119,4.790544643474243,0.05053785847809858,7.122172220223987,9.801117310772318,7.122172220223987,9.801117310772318,0.0,0.0,4.006829033890411,0.06629036690934287,0.0,0.0,6.5726293776676314,5.980256891591078,0.0,0.0,0.0,0.0
DOM,Dominican Republic,6.822374364596641,10.0,7.557580091344858,10.0,4.36991087398196,0.42219312512007623,7.776198053433052,3.5522497833072277,0.0,0.0,5.341088729847624,0.3452353103726925,5.207845942287358,0.5539221037118163,5.661146619461579,0.1469380133347577,7.494374237789373,8.639666826875079,7.5301551480711595,9.082603749033114,0.0,0.0,4.797623273318896,0.2214517189949536,0.0,0.0,7.599073799828241,10.0,4.793339063739106,0.12054026880410267,0.0,0.0
UGA,Uganda,8.831759088984624,10.0,8.984021815968346,10.0,0.0,0.0,8.170331897527229,0.8069284260522204,8.49780244246429,1.7646620512295903,7.323897891779571,0.8955967238248035,8.622416318181108,4.073788518930892,8.070837256857113,0.5622992542931091,9.000296236412975,9.999954839255915,9.000298204978714,9.999982310625736,0.0,0.0,0.0,0.0,0.0,0.0,0.0,0.0,8.98693919038219,10.0,0.0,0.0
BOL,Bolivia (Plurinational State of),6.959671393860556,10.0,7.737417060618344,10.0,0.0,0.0,8.55905306201793,7.21830906907933,8.489842015575945,9.998185941830943,6.504802996209854,1.7368260751661915,7.303801883750228,5.104240616506481,6.843405684774796,0.8488911993337186,7.635365903980422,8.661823010936173,7.685532572037893,9.290697036592391,0.0,0.0,5.386782508614701,0.5882985730734597,7.476341173981669,1.2867147307885942,0.0,0.0,0.0,0.0,7.17406953738548,5.041254703131025
RWA,Rwanda,7.768128390651039,10.0,7.992661955926375,10.0,0.0,0.0,0.0,0.0,0.0,0.0,0.0,0.0,2.2067062434308378,0.01012171294744539,6.455548011234045,0.2874418535802813,7.995115182547999,9.999999999999998,7.995115182547999,10.0,0.0,0.0,0.0,0.0,0.0,0.0,0.0,0.0,7.841129197610154,8.970412238852699,0.0,0.0
BRB,Barbados,0.0,0.0,4.471572136539336,8.953282930647386,0.0,0.0,0.0,0.0,0.0,0.0,0.0,0.0,0.0,0.0,0.0,0.0,4.5404772987111,8.862879461656922,4.5404772987111,8.862879461656922,0.0,0.0,0.0,0.0,0.0,0.0,4.626924478913981,10.0,0.0,0.0,0.0,0.0
VEN,Venezuela,7.2270311230197635,10.0,8.197787226472542,10.0,5.302813220164456,0.5165898746394431,8.548475975913446,3.6126510705270545,8.207447405876017,3.659341922593314,7.384146732705005,3.0365505122197796,8.211400724869842,7.352070218366828,6.964275204967619,0.42346775463547537,8.178564352984084,9.301475926006308,8.150572018149374,8.944796447537012,0.0,0.0,6.229849723307957,1.0825464711446837,0.0,0.0,7.891461334708499,8.767669632417803,7.037564287995793,2.0498005341814673,8.057064296262137,8.73040070511169
NIC,Nicaragua,6.6851423971653645,10.0,7.273153391607145,10.0,3.7375292500414297,0.31020466951679093,3.5753600836756823,0.042895575359351686,5.520145935462731,0.6038049684907242,6.379662441142938,2.7503100019220543,6.037305712305232,2.1903149449021537,5.872040611831027,0.44434397289600597,7.275653313534357,9.730958874390996,7.275799331628434,9.732942491841062,0.0,0.0,4.45444525330283,0.198964518168966,0.0,0.0,7.295193823418046,10.0,4.926653741584702,0.31371534307618554,6.212573175968646,2.4055353883749366
PER,Peru,7.406754696942488,10.0,8.323059060440771,10.0,3.0088501115886706,0.03235232142987748,9.534983909466492,9.881459553260758,9.625183488834796,10.0,5.864976047415795,0.23692307254894182,7.001777583448943,1.6044980330913703,7.460546680888461,0.7528711530144077,8.185866033440812,8.242807822141716,8.102455448005829,7.3346318191374404,0.0,0.0,6.38583556101847,1.1980398698482657,8.008833553551318,1.0371356521040302,0.0,0.0,5.127052930220057,0.02325995117939709,7.298651342035225,2.612105188919818
HND,Honduras,6.893677161191981,10.0,7.651989668905409,10.0,3.42401653631926,0.1306432358625686,2.260534391504444,0.005704198183316078,7.30245033606063,2.8395128429505556,6.072331714142327,1.0257786287865196,7.109360237071316,4.547040092146152,6.159489107275222,0.3468906022140388,7.622110260973365,9.48658362633347,7.639659319104464,9.721874850096572,0.0,0.0,5.570382988230442,0.9338400518522004,0.0,0.0,7.659868898983142,10.0,0.0,0.0,6.59575975045496,2.470759986998378
HTI,Haiti,7.158153501150267,10.0,7.72087685791183,10.0,3.6831581222684227,0.15890639370044243,8.037947812283239,3.9846021623053525,0.0,0.0,5.42119295921943,0.31264929307297595,4.101859709975191,0.12866551713404104,0.0,0.0,7.691535767166708,9.423630041231279,7.695238978316046,9.472484637386536,0.0,0.0,0.0,0.0,0.0,0.0,7.734062815764794,10.0,7.350427794091346,6.501104244147142,0.0,0.0
PSE,State of Palestine,4.988315022158383,4.027156576035617,7.313206509927988,10.0,0.0,0.0,4.765326074424086,0.16463466672907823,5.150037714130493,0.38456377097434824,6.278303584068759,2.3164340961395538,4.089327348086654,0.22680006798805877,5.495368800168221,0.21851755601534262,6.4153003730524,2.8201444247346563,6.551756056290323,3.426172481190718,6.667946237201453,4.040340985612912,0.0,0.0,5.850211087905533,0.274652991273445,0.0,0.0,0.0,0.0,0.0,0.0
CUB,Cuba,6.7369234773933115,10.0,7.167656607023312,10.0,4.771426793569093,1.192519625744721,7.646952278437817,5.445992352756543,7.5855802696921,7.611710844625509,5.6193244195407495,1.065024923019996,5.96302982524228,2.3509156944710936,6.353916846553531,1.0803603608186343,7.148953676130573,9.548141935807951,7.149306476903132,9.552846197364799,0.0,0.0,0.0,0.0,0.0,0.0,7.1820797694428125,10.0,0.0,0.0,0.0,0.0
COL,Colombia,7.604536138158648,10.0,8.523179597097402,10.0,4.938910475527361,0.22649412997512358,8.661960386755919,2.744294126799808,8.193427132215458,2.4002434208287897,6.955165928051366,1.0552780503695334,6.544884416607056,0.7194720477584411,7.677950383060372,0.7294364433610431,8.40068180245739,8.417734541391043,8.446155634276382,8.970088739610908,0.0,0.0,6.614677760651369,1.2554458917947908,0.0,0.0,7.1719040302875285,0.9072405109098478,6.05945581577451,0.2607919530833022,8.091032913351379,6.065406454579645
CAN,Canada,7.377218158242132,10.0,8.062634656892868,10.0,4.62326638534088,0.28571285315431777,9.112070346089338,8.359503964949974,9.276457868885679,10.0,0.0,0.0,5.262253873036775,0.2981216569048882,6.6842759173119335,0.35000486275517767,0.0,0.0,0.0,0.0,8.024407127101782,9.088781588851772,6.040085969954599,0.9930780635666091,0.0,0.0,0.0,0.0,0.0,0.0,0.0,0.0
