iso3,threshold,score,rank
AFG,0.1,5.887915324926768,18.0
AGO,0.1,6.067523143926221,13.0
ALB,0.1,1.7485648053391998,142.0
AND,0.1,1.5733393800745914,148.0
ARE,0.1,3.5466362961691926,72.0
ARG,0.1,2.71481950830756,99.0
ARM,0.1,1.6361024258408776,146.0
ATG,0.1,0.37326254372609785,189.0
AUS,0.1,1.1797425843500347,154.0
AUT,0.1,0.9388712635217858,163.0
AZE,0.1,3.365188031764474,79.0
BDI,0.1,3.965882451941944,61.0
BEL,0.1,0.7369983409715936,175.0
BEN,0.1,5.802665853811902,19.0
BFA,0.1,5.305824429071388,31.0
BGD,0.1,5.64075037632106,22.0
BGR,0.1,1.7880145482408165,137.0
BHR,0.1,2.297924527623436,109.0
BHS,0.1,2.4385270338786755,104.0
BIH,0.1,2.002205391991449,120.0
BLR,0.1,0.5630565642233171,183.0
BLZ,0.1,2.8236229857225057,94.0
BOL,0.1,3.7015558364242445,68.0
BRA,0.1,3.503131181215151,74.0
BRB,0.1,1.4191669977502688,152.0
BRN,0.1,0.8844211928497615,168.0
BTN,0.1,2.3441625562917565,107.0
BWA,0.1,3.6538092933621864,69.0
CAF,0.1,5.949218416832423,16.0
CAN,0.1,0.8878938628342326,167.0
CHE,0.1,0.33801001117800256,191.0
CHL,0.1,1.8023286934757479,136.0
CHN,0.1,5.267962988335518,32.0
CIV,0.1,5.132647144193606,34.0
CMR,0.1,5.397995005420832,29.0
COD,0.1,6.239224258267312,11.0
COG,0.1,4.125792133898989,57.0
COL,0.1,4.286401014560442,53.0
COM,0.1,2.4977441814940224,103.0
CPV,0.1,2.039533642014305,118.0
CRI,0.1,1.9147983693605566,128.0
CUB,0.1,3.193513453247702,85.0
CYP,0.1,0.6986816611096086,180.0
CZE,0.1,1.9389653658212642,125.0
DEU,0.1,1.0826819111581634,157.0
DJI,0.1,3.9284051010353904,62.0
DMA,0.1,1.8698242086109975,133.0
DNK,0.1,0.4744537254105417,186.0
DOM,0.1,2.7759215796164947,95.0
DZA,0.1,2.993692260424632,90.0
ECU,0.1,3.4417274281749783,77.0
EGY,0.1,4.4080393012288335,50.0
ERI,0.1,5.403035693404469,28.0
ESP,0.1,2.423684767223656,105.0
EST,0.1,0.9361981430862286,164.0
ETH,0.1,6.350764616914766,9.0
FIN,0.1,0.5682451119827905,182.0
FJI,0.1,2.2913313992297586,110.0
FRA,0.1,0.7274711855044851,177.0
FSM,0.1,1.4601793519115271,151.0
GAB,0.1,3.501021725155246,75.0
GBR,0.1,0.966123537333008,162.0
GEO,0.1,2.154584105317717,116.0
GHA,0.1,4.632590185818535,43.0
GIN,0.1,6.025468563701969,14.0
GMB,0.1,4.093116717958815,58.0
GNB,0.1,4.939095243342113,38.0
GNQ,0.1,3.898467134600584,63.0
GRC,0.1,1.9054457492405572,129.0
GRD,0.1,0.7703527779757431,173.0
GTM,0.1,4.622228288838459,44.0
GUY,0.1,2.255774329155669,112.0
HND,0.1,4.421522732089628,49.0
HRV,0.1,1.7664349916187756,140.0
HTI,0.1,4.581262189871729,46.0
HUN,0.1,0.5783858598271217,181.0
IDN,0.1,5.021171723466539,37.0
IND,0.1,6.013320485294833,15.0
IRL,0.1,0.8336436684640187,171.0
IRN,0.1,4.211601646755833,55.0
IRQ,0.1,3.845632033141273,64.0
ISL,0.1,1.011964304243514,160.0
ISR,0.1,0.8935505973346144,166.0
ITA,0.1,0.7604420038291035,174.0
JAM,0.1,2.0269084215677955,119.0
JOR,0.1,2.8728671397567567,92.0
JPN,0.1,1.5740056717413569,147.0
KAZ,0.1,2.1881231156230303,115.0
KEN,0.1,5.114663733215514,35.0
KGZ,0.1,2.278292989030462,111.0
KHM,0.1,5.946506801403464,17.0
KIR,0.1,1.773806388551904,139.0
KNA,0.1,1.6818530484293708,144.0
KOR,0.1,2.0639484915054833,117.0
KWT,0.1,3.352418442873369,80.0
LAO,0.1,5.532737631618761,24.0
LBN,0.1,2.3237874941075667,108.0
LBR,0.1,5.028254137576834,36.0
LBY,0.1,3.297744700534264,82.0
LCA,0.1,1.5061607702101327,150.0
LKA,0.1,2.7603497019410286,96.0
LSO,0.1,2.749824992262789,97.0
LTU,0.1,0.7168572696980563,178.0
LUX,0.1,0.15921274912325475,192.0
LVA,0.1,0.822775137835474,172.0
MAR,0.1,4.853993131628651,39.0
MCO,0.1,9.999999999999996e-11,193.0
MDA,0.1,2.2016830188139322,114.0
MDG,0.1,7.758536585444045,1.0
MDV,0.1,0.7124169970526846,179.0
MEX,0.1,4.062878347589352,59.0
MHL,0.1,1.847610372505786,134.0
MKD,0.1,1.9419572315800102,124.0
MLI,0.1,5.700039586944847,20.0
MLT,0.1,0.9183483312512664,165.0
MMR,0.1,6.7827853375933005,7.0
MNE,0.1,1.7551644467166796,141.0
MNG,0.1,1.9423828185364622,123.0
MOZ,0.1,7.358112790426592,3.0
MRT,0.1,5.516292204794049,25.0
MUS,0.1,1.870538181286361,131.0
MWI,0.1,3.8138456122979183,65.0
MYS,0.1,4.02850525989076,60.0
NAM,0.1,4.32286455585545,52.0
NER,0.1,6.350432780797697,10.0
NGA,0.1,6.636716239210802,8.0
NIC,0.1,4.525303040238812,47.0
NLD,0.1,0.8681537214165524,169.0
NOR,0.1,0.3945551275087758,188.0
NPL,0.1,3.612642755378741,70.0
NRU,0.1,0.35461800461609344,190.0
NZL,0.1,1.551312962004349,149.0
OMN,0.1,3.724354250991834,66.0
PAK,0.1,7.020131622342117,5.0
PAN,0.1,2.856329133055313,93.0
PER,0.1,4.180246932456551,56.0
PHL,0.1,5.610349127358854,23.0
PLW,0.1,0.39973225203029433,187.0
PNG,0.1,5.246842375015589,33.0
POL,0.1,0.974833232942631,161.0
PRK,0.1,2.588835740660793,100.0
PRT,0.1,1.1790964786804712,155.0
PRY,0.1,2.7181481474761653,98.0
PSE,0.1,1.8302536162167133,135.0
QAT,0.1,2.2200446842840384,113.0
ROU,0.1,1.784813055094358,138.0
RUS,0.1,3.152619955366511,88.0
RWA,0.1,3.0325532611041317,89.0
SAU,0.1,3.3474703763641025,81.0
SDN,0.1,7.096401471236293,4.0
SEN,0.1,4.785554113331131,40.0
SGP,0.1,1.177162634105477,156.0
SLB,0.1,3.189935457128133,86.0
SLE,0.1,5.503063791661862,26.0
SLV,0.1,3.525489966920172,73.0
SMR,0.1,0.5106891453576397,185.0
SOM,0.1,7.018718213584951,6.0
SRB,0.1,1.7292674901459701,143.0
SSD,0.1,6.225196981811817,12.0
STP,0.1,1.9976284080003381,121.0
SUR,0.1,2.5280845986038996,102.0
SVK,0.1,1.0755025661165616,158.0
SVN,0.1,0.8440232376478476,170.0
SWE,0.1,0.5376269726136705,184.0
SWZ,0.1,3.2206059339525357,83.0
SYC,0.1,0.7337804416731998,176.0
SYR,0.1,3.4896114756136383,76.0
TCD,0.1,7.378080985818554,2.0
TGO,0.1,4.6409054274479535,42.0
THA,0.1,4.278163398903846,54.0
TJK,0.1,2.9135672044150347,91.0
TKM,0.1,2.4069677206062567,106.0
TLS,0.1,3.438042077463734,78.0
TON,0.1,1.4065724833335196,153.0
TTO,0.1,1.8701071580870818,132.0
TUN,0.1,2.563705220085874,101.0
TUR,0.1,3.1614156074389297,87.0
TUV,0.1,1.030633351557462,159.0
TZA,0.1,5.32822216807145,30.0
UGA,0.1,4.605737915149091,45.0
UKR,0.1,1.960754306005675,122.0
URY,0.1,1.925405462490759,127.0
USA,0.1,1.9291000695323006,126.0
UZB,0.1,3.2146330884231076,84.0
VCT,0.1,1.6690595675887137,145.0
VEN,0.1,3.7131328763653464,67.0
VNM,0.1,5.406025036167476,27.0
VUT,0.1,3.55597456749443,71.0
WSM,0.1,1.873950802999241,130.0
YEM,0.1,5.686738766020577,21.0
ZAF,0.1,4.322872809327739,51.0
ZMB,0.1,4.466850042147794,48.0
ZWE,0.1,4.763787459506874,41.0
AFG,0.2,5.887915324926768,18.0
AGO,0.2,6.067523143926221,13.0
ALB,0.2,1.7485648053391998,142.0
AND,0.2,1.5733393800745914,148.0
ARE,0.2,3.5466362961691926,72.0
ARG,0.2,2.71481950830756,99.0
ARM,0.2,1.6361024258408776,146.0
ATG,0.2,0.37326254372609785,189.0
AUS,0.2,1.1797425843500347,154.0
AUT,0.2,0.9388712635217858,163.0
AZE,0.2,3.365188031764474,79.0
BDI,0.2,3.965882451941944,61.0
BEL,0.2,0.7369983409715936,175.0
BEN,0.2,5.802665853811902,19.0
BFA,0.2,5.305824429071388,31.0
BGD,0.2,5.64075037632106,22.0
BGR,0.2,1.7880145482408165,137.0
BHR,0.2,2.297924527623436,109.0
BHS,0.2,2.4385270338786755,104.0
BIH,0.2,2.002205391991449,120.0
BLR,0.2,0.5630565642233171,183.0
BLZ,0.2,2.8236229857225057,94.0
BOL,0.2,3.7015558364242445,68.0
BRA,0.2,3.503131181215151,74.0
BRB,0.2,1.4191669977502688,152.0
BRN,0.2,0.8844211928497615,168.0
BTN,0.2,2.3441625562917565,107.0
BWA,0.2,3.6538092933621864,69.0
CAF,0.2,5.949218416832423,16.0
CAN,0.2,0.8878938628342326,167.0
CHE,0.2,0.33801001117800256,191.0
CHL,0.2,1.8023286934757479,136.0
CHN,0.2,5.267962988335518,32.0
CIV,0.2,5.132647144193606,34.0
CMR,0.2,5.397995005420832,29.0
COD,0.2,6.239224258267312,11.0
COG,0.2,4.125792133898989,57.0
COL,0.2,4.286401014560442,53.0
COM,0.2,2.4977441814940224,103.0
CPV,0.2,2.039533642014305,118.0
CRI,0.2,1.9147983693605566,128.0
CUB,0.2,3.193513453247702,85.0
CYP,0.2,0.6986816611096086,180.0
CZE,0.2,1.9389653658212642,125.0
DEU,0.2,1.0826819111581634,157.0
DJI,0.2,3.9284051010353904,62.0
DMA,0.2,1.8698242086109975,133.0
DNK,0.2,0.4744537254105417,186.0
DOM,0.2,2.7759215796164947,95.0
DZA,0.2,2.993692260424632,90.0
ECU,0.2,3.4417274281749783,77.0
EGY,0.2,4.4080393012288335,50.0
ERI,0.2,5.403035693404469,28.0
ESP,0.2,2.423684767223656,105.0
EST,0.2,0.9361981430862286,164.0
ETH,0.2,6.350764616914766,9.0
FIN,0.2,0.5682451119827905,182.0
FJI,0.2,2.2913313992297586,110.0
FRA,0.2,0.7274711855044851,177.0
FSM,0.2,1.4601793519115271,151.0
GAB,0.2,3.501021725155246,75.0
GBR,0.2,0.966123537333008,162.0
GEO,0.2,2.154584105317717,116.0
GHA,0.2,4.632590185818535,43.0
GIN,0.2,6.025468563701969,14.0
GMB,0.2,4.093116717958815,58.0
GNB,0.2,4.939095243342113,38.0
GNQ,0.2,3.898467134600584,63.0
GRC,0.2,1.9054457492405572,129.0
GRD,0.2,0.7703527779757431,173.0
GTM,0.2,4.622228288838459,44.0
GUY,0.2,2.255774329155669,112.0
HND,0.2,4.421522732089628,49.0
HRV,0.2,1.7664349916187756,140.0
HTI,0.2,4.581262189871729,46.0
HUN,0.2,0.5783858598271217,181.0
IDN,0.2,5.021171723466539,37.0
IND,0.2,6.013320485294833,15.0
IRL,0.2,0.8336436684640187,171.0
IRN,0.2,4.211601646755833,55.0
IRQ,0.2,3.845632033141273,64.0
ISL,0.2,1.011964304243514,160.0
ISR,0.2,0.8935505973346144,166.0
ITA,0.2,0.7604420038291035,174.0
JAM,0.2,2.0269084215677955,119.0
JOR,0.2,2.8728671397567567,92.0
JPN,0.2,1.5740056717413569,147.0
KAZ,0.2,2.1881231156230303,115.0
KEN,0.2,5.114663733215514,35.0
KGZ,0.2,2.278292989030462,111.0
KHM,0.2,5.946506801403464,17.0
KIR,0.2,1.773806388551904,139.0
KNA,0.2,1.6818530484293708,144.0
KOR,0.2,2.0639484915054833,117.0
KWT,0.2,3.352418442873369,80.0
LAO,0.2,5.532737631618761,24.0
LBN,0.2,2.3237874941075667,108.0
LBR,0.2,5.028254137576834,36.0
LBY,0.2,3.297744700534264,82.0
LCA,0.2,1.5061607702101327,150.0
LKA,0.2,2.7603497019410286,96.0
LSO,0.2,2.749824992262789,97.0
LTU,0.2,0.7168572696980563,178.0
LUX,0.2,0.15921274912325475,192.0
LVA,0.2,0.822775137835474,172.0
MAR,0.2,4.853993131628651,39.0
MCO,0.2,9.999999999999996e-11,193.0
MDA,0.2,2.2016830188139322,114.0
MDG,0.2,7.758536585444045,1.0
MDV,0.2,0.7124169970526846,179.0
MEX,0.2,4.062878347589352,59.0
MHL,0.2,1.847610372505786,134.0
MKD,0.2,1.9419572315800102,124.0
MLI,0.2,5.700039586944847,20.0
MLT,0.2,0.9183483312512664,165.0
MMR,0.2,6.7827853375933005,7.0
MNE,0.2,1.7551644467166796,141.0
MNG,0.2,1.9423828185364622,123.0
MOZ,0.2,7.358112790426592,3.0
MRT,0.2,5.516292204794049,25.0
MUS,0.2,1.870538181286361,131.0
MWI,0.2,3.8138456122979183,65.0
MYS,0.2,4.02850525989076,60.0
NAM,0.2,4.32286455585545,52.0
NER,0.2,6.350432780797697,10.0
NGA,0.2,6.636716239210802,8.0
NIC,0.2,4.525303040238812,47.0
NLD,0.2,0.8681537214165524,169.0
NOR,0.2,0.3945551275087758,188.0
NPL,0.2,3.612642755378741,70.0
NRU,0.2,0.35461800461609344,190.0
NZL,0.2,1.551312962004349,149.0
OMN,0.2,3.724354250991834,66.0
PAK,0.2,7.020131622342117,5.0
PAN,0.2,2.856329133055313,93.0
PER,0.2,4.180246932456551,56.0
PHL,0.2,5.610349127358854,23.0
PLW,0.2,0.39973225203029433,187.0
PNG,0.2,5.246842375015589,33.0
POL,0.2,0.974833232942631,161.0
PRK,0.2,2.588835740660793,100.0
PRT,0.2,1.1790964786804712,155.0
PRY,0.2,2.7181481474761653,98.0
PSE,0.2,1.8302536162167133,135.0
QAT,0.2,2.2200446842840384,113.0
ROU,0.2,1.784813055094358,138.0
RUS,0.2,3.152619955366511,88.0
RWA,0.2,3.0325532611041317,89.0
SAU,0.2,3.3474703763641025,81.0
SDN,0.2,7.096401471236293,4.0
SEN,0.2,4.785554113331131,40.0
SGP,0.2,1.177162634105477,156.0
SLB,0.2,3.189935457128133,86.0
SLE,0.2,5.503063791661862,26.0
SLV,0.2,3.525489966920172,73.0
SMR,0.2,0.5106891453576397,185.0
SOM,0.2,7.018718213584951,6.0
SRB,0.2,1.7292674901459701,143.0
SSD,0.2,6.225196981811817,12.0
STP,0.2,1.9976284080003381,121.0
SUR,0.2,2.5280845986038996,102.0
SVK,0.2,1.0755025661165616,158.0
SVN,0.2,0.8440232376478476,170.0
SWE,0.2,0.5376269726136705,184.0
SWZ,0.2,3.2206059339525357,83.0
SYC,0.2,0.7337804416731998,176.0
SYR,0.2,3.4896114756136383,76.0
TCD,0.2,7.378080985818554,2.0
TGO,0.2,4.6409054274479535,42.0
THA,0.2,4.278163398903846,54.0
TJK,0.2,2.9135672044150347,91.0
TKM,0.2,2.4069677206062567,106.0
TLS,0.2,3.438042077463734,78.0
TON,0.2,1.4065724833335196,153.0
TTO,0.2,1.8701071580870818,132.0
TUN,0.2,2.563705220085874,101.0
TUR,0.2,3.1614156074389297,87.0
TUV,0.2,1.030633351557462,159.0
TZA,0.2,5.32822216807145,30.0
UGA,0.2,4.605737915149091,45.0
UKR,0.2,1.960754306005675,122.0
URY,0.2,1.925405462490759,127.0
USA,0.2,1.9291000695323006,126.0
UZB,0.2,3.2146330884231076,84.0
VCT,0.2,1.6690595675887137,145.0
VEN,0.2,3.7131328763653464,67.0
VNM,0.2,5.406025036167476,27.0
VUT,0.2,3.55597456749443,71.0
WSM,0.2,1.873950802999241,130.0
YEM,0.2,5.686738766020577,21.0
ZAF,0.2,4.322872809327739,51.0
ZMB,0.2,4.466850042147794,48.0
ZWE,0.2,4.763787459506874,41.0
AFG,0.30000000000000004,5.887915324926768,18.0
AGO,0.30000000000000004,6.067523143926221,13.0
ALB,0.30000000000000004,1.7485648053391998,142.0
AND,0.30000000000000004,1.5733393800745914,148.0
ARE,0.30000000000000004,3.5466362961691926,72.0
ARG,0.30000000000000004,2.71481950830756,99.0
ARM,0.30000000000000004,1.6361024258408776,146.0
ATG,0.30000000000000004,0.37326254372609785,189.0
AUS,0.30000000000000004,1.1797425843500347,154.0
AUT,0.30000000000000004,0.9388712635217858,163.0
AZE,0.30000000000000004,3.365188031764474,79.0
BDI,0.30000000000000004,3.965882451941944,61.0
BEL,0.30000000000000004,0.7369983409715936,175.0
BEN,0.30000000000000004,5.802665853811902,19.0
BFA,0.30000000000000004,5.305824429071388,31.0
BGD,0.30000000000000004,5.64075037632106,22.0
BGR,0.30000000000000004,1.7880145482408165,137.0
BHR,0.30000000000000004,2.297924527623436,109.0
BHS,0.30000000000000004,2.4385270338786755,104.0
BIH,0.30000000000000004,2.002205391991449,120.0
BLR,0.30000000000000004,0.5630565642233171,183.0
BLZ,0.30000000000000004,2.8236229857225057,94.0
BOL,0.30000000000000004,3.7015558364242445,68.0
BRA,0.30000000000000004,3.503131181215151,74.0
BRB,0.30000000000000004,1.4191669977502688,152.0
BRN,0.30000000000000004,0.8844211928497615,168.0
BTN,0.30000000000000004,2.3441625562917565,107.0
BWA,0.30000000000000004,3.6538092933621864,69.0
CAF,0.30000000000000004,5.949218416832423,16.0
CAN,0.30000000000000004,0.8878938628342326,167.0
CHE,0.30000000000000004,0.33801001117800256,191.0
CHL,0.30000000000000004,1.8023286934757479,136.0
CHN,0.30000000000000004,5.267962988335518,32.0
CIV,0.30000000000000004,5.132647144193606,34.0
CMR,0.30000000000000004,5.397995005420832,29.0
COD,0.30000000000000004,6.239224258267312,11.0
COG,0.30000000000000004,4.125792133898989,57.0
COL,0.30000000000000004,4.286401014560442,53.0
COM,0.30000000000000004,2.4977441814940224,103.0
CPV,0.30000000000000004,2.039533642014305,118.0
CRI,0.30000000000000004,1.9147983693605566,128.0
CUB,0.30000000000000004,3.193513453247702,85.0
CYP,0.30000000000000004,0.6986816611096086,180.0
CZE,0.30000000000000004,1.9389653658212642,125.0
DEU,0.30000000000000004,1.0826819111581634,157.0
DJI,0.30000000000000004,3.9284051010353904,62.0
DMA,0.30000000000000004,1.8698242086109975,133.0
DNK,0.30000000000000004,0.4744537254105417,186.0
DOM,0.30000000000000004,2.7759215796164947,95.0
DZA,0.30000000000000004,2.993692260424632,90.0
ECU,0.30000000000000004,3.4417274281749783,77.0
EGY,0.30000000000000004,4.4080393012288335,50.0
ERI,0.30000000000000004,5.403035693404469,28.0
ESP,0.30000000000000004,2.423684767223656,105.0
EST,0.30000000000000004,0.9361981430862286,164.0
ETH,0.30000000000000004,6.350764616914766,9.0
FIN,0.30000000000000004,0.5682451119827905,182.0
FJI,0.30000000000000004,2.2913313992297586,110.0
FRA,0.30000000000000004,0.7274711855044851,177.0
FSM,0.30000000000000004,1.4601793519115271,151.0
GAB,0.30000000000000004,3.501021725155246,75.0
GBR,0.30000000000000004,0.966123537333008,162.0
GEO,0.30000000000000004,2.154584105317717,116.0
GHA,0.30000000000000004,4.632590185818535,43.0
GIN,0.30000000000000004,6.025468563701969,14.0
GMB,0.30000000000000004,4.093116717958815,58.0
GNB,0.30000000000000004,4.939095243342113,38.0
GNQ,0.30000000000000004,3.898467134600584,63.0
GRC,0.30000000000000004,1.9054457492405572,129.0
GRD,0.30000000000000004,0.7703527779757431,173.0
GTM,0.30000000000000004,4.622228288838459,44.0
GUY,0.30000000000000004,2.255774329155669,112.0
HND,0.30000000000000004,4.421522732089628,49.0
HRV,0.30000000000000004,1.7664349916187756,140.0
HTI,0.30000000000000004,4.581262189871729,46.0
HUN,0.30000000000000004,0.5783858598271217,181.0
IDN,0.30000000000000004,5.021171723466539,37.0
IND,0.30000000000000004,6.013320485294833,15.0
IRL,0.30000000000000004,0.8336436684640187,171.0
IRN,0.30000000000000004,4.211601646755833,55.0
IRQ,0.30000000000000004,3.845632033141273,64.0
ISL,0.30000000000000004,1.011964304243514,160.0
ISR,0.30000000000000004,0.8935505973346144,166.0
ITA,0.30000000000000004,0.7604420038291035,174.0
JAM,0.30000000000000004,2.0269084215677955,119.0
JOR,0.30000000000000004,2.8728671397567567,92.0
JPN,0.30000000000000004,1.5740056717413569,147.0
KAZ,0.30000000000000004,2.1881231156230303,115.0
KEN,0.30000000000000004,5.114663733215514,35.0
KGZ,0.30000000000000004,2.278292989030462,111.0
KHM,0.30000000000000004,5.946506801403464,17.0
KIR,0.30000000000000004,1.773806388551904,139.0
KNA,0.30000000000000004,1.6818530484293708,144.0
KOR,0.30000000000000004,2.0639484915054833,117.0
KWT,0.30000000000000004,3.352418442873369,80.0
LAO,0.30000000000000004,5.532737631618761,24.0
LBN,0.30000000000000004,2.3237874941075667,108.0
LBR,0.30000000000000004,5.028254137576834,36.0
LBY,0.30000000000000004,3.297744700534264,82.0
LCA,0.30000000000000004,1.5061607702101327,150.0
LKA,0.30000000000000004,2.7603497019410286,96.0
LSO,0.30000000000000004,2.749824992262789,97.0
LTU,0.30000000000000004,0.7168572696980563,178.0
LUX,0.30000000000000004,0.15921274912325475,192.0
LVA,0.30000000000000004,0.822775137835474,172.0
MAR,0.30000000000000004,4.853993131628651,39.0
MCO,0.30000000000000004,9.999999999999996e-11,193.0
MDA,0.30000000000000004,2.2016830188139322,114.0
MDG,0.30000000000000004,7.758536585444045,1.0
MDV,0.30000000000000004,0.7124169970526846,179.0
MEX,0.30000000000000004,4.062878347589352,59.0
MHL,0.30000000000000004,1.847610372505786,134.0
MKD,0.30000000000000004,1.9419572315800102,124.0
MLI,0.30000000000000004,5.700039586944847,20.0
MLT,0.30000000000000004,0.9183483312512664,165.0
MMR,0.30000000000000004,6.7827853375933005,7.0
MNE,0.30000000000000004,1.7551644467166796,141.0
MNG,0.30000000000000004,1.9423828185364622,123.0
MOZ,0.30000000000000004,7.358112790426592,3.0
MRT,0.30000000000000004,5.516292204794049,25.0
MUS,0.30000000000000004,1.870538181286361,131.0
MWI,0.30000000000000004,3.8138456122979183,65.0
MYS,0.30000000000000004,4.02850525989076,60.0
NAM,0.30000000000000004,4.32286455585545,52.0
NER,0.30000000000000004,6.350432780797697,10.0
NGA,0.30000000000000004,6.636716239210802,8.0
NIC,0.30000000000000004,4.525303040238812,47.0
NLD,0.30000000000000004,0.8681537214165524,169.0
NOR,0.30000000000000004,0.3945551275087758,188.0
NPL,0.30000000000000004,3.612642755378741,70.0
NRU,0.30000000000000004,0.35461800461609344,190.0
NZL,0.30000000000000004,1.551312962004349,149.0
OMN,0.30000000000000004,3.724354250991834,66.0
PAK,0.30000000000000004,7.020131622342117,5.0
PAN,0.30000000000000004,2.856329133055313,93.0
PER,0.30000000000000004,4.180246932456551,56.0
PHL,0.30000000000000004,5.610349127358854,23.0
PLW,0.30000000000000004,0.39973225203029433,187.0
PNG,0.30000000000000004,5.246842375015589,33.0
POL,0.30000000000000004,0.974833232942631,161.0
PRK,0.30000000000000004,2.588835740660793,100.0
PRT,0.30000000000000004,1.1790964786804712,155.0
PRY,0.30000000000000004,2.7181481474761653,98.0
PSE,0.30000000000000004,1.8302536162167133,135.0
QAT,0.30000000000000004,2.2200446842840384,113.0
ROU,0.30000000000000004,1.784813055094358,138.0
RUS,0.30000000000000004,3.152619955366511,88.0
RWA,0.30000000000000004,3.0325532611041317,89.0
SAU,0.30000000000000004,3.3474703763641025,81.0
SDN,0.30000000000000004,7.096401471236293,4.0
SEN,0.30000000000000004,4.785554113331131,40.0
SGP,0.30000000000000004,1.177162634105477,156.0
SLB,0.30000000000000004,3.189935457128133,86.0
SLE,0.30000000000000004,5.503063791661862,26.0
SLV,0.30000000000000004,3.525489966920172,73.0
SMR,0.30000000000000004,0.5106891453576397,185.0
SOM,0.30000000000000004,7.018718213584951,6.0
SRB,0.30000000000000004,1.7292674901459701,143.0
SSD,0.30000000000000004,6.225196981811817,12.0
STP,0.30000000000000004,1.9976284080003381,121.0
SUR,0.30000000000000004,2.5280845986038996,102.0
SVK,0.30000000000000004,1.0755025661165616,158.0
SVN,0.30000000000000004,0.8440232376478476,170.0
SWE,0.30000000000000004,0.5376269726136705,184.0
SWZ,0.30000000000000004,3.2206059339525357,83.0
SYC,0.30000000000000004,0.7337804416731998,176.0
SYR,0.30000000000000004,3.4896114756136383,76.0
TCD,0.30000000000000004,7.378080985818554,2.0
TGO,0.30000000000000004,4.6409054274479535,42.0
THA,0.30000000000000004,4.278163398903846,54.0
TJK,0.30000000000000004,2.9135672044150347,91.0
TKM,0.30000000000000004,2.4069677206062567,106.0
TLS,0.30000000000000004,3.438042077463734,78.0
TON,0.30000000000000004,1.4065724833335196,153.0
TTO,0.30000000000000004,1.8701071580870818,132.0
TUN,0.30000000000000004,2.563705220085874,101.0
TUR,0.30000000000000004,3.1614156074389297,87.0
TUV,0.30000000000000004,1.030633351557462,159.0
TZA,0.30000000000000004,5.32822216807145,30.0
UGA,0.30000000000000004,4.605737915149091,45.0
UKR,0.30000000000000004,1.960754306005675,122.0
URY,0.30000000000000004,1.925405462490759,127.0
USA,0.30000000000000004,1.9291000695323006,126.0
UZB,0.30000000000000004,3.2146330884231076,84.0
VCT,0.30000000000000004,1.6690595675887137,145.0
VEN,0.30000000000000004,3.7131328763653464,67.0
VNM,0.30000000000000004,5.406025036167476,27.0
VUT,0.30000000000000004,3.55597456749443,71.0
WSM,0.30000000000000004,1.873950802999241,130.0
YEM,0.30000000000000004,5.686738766020577,21.0
ZAF,0.30000000000000004,4.322872809327739,51.0
ZMB,0.30000000000000004,4.466850042147794,48.0
ZWE,0.30000000000000004,4.763787459506874,41.0
AFG,0.4,5.887915324926768,18.0
AGO,0.4,6.067523143926221,13.0
ALB,0.4,1.7485648053391998,141.0
AND,0.4,1.5733393800745914,147.0
ARE,0.4,3.5466362961691926,71.0
ARG,0.4,2.71481950830756,98.0
ARM,0.4,1.6361024258408776,145.0
AUS,0.4,1.1797425843500347,153.0
AUT,0.4,0.9388712635217858,162.0
AZE,0.4,3.365188031764474,78.0
BDI,0.4,3.965882451941944,60.0
BEL,0.4,0.7369983409715936,173.0
BEN,0.4,5.802665853811902,19.0
BFA,0.4,5.305824429071388,31.0
BGD,0.4,5.64075037632106,22.0
BGR,0.4,1.7880145482408165,136.0
BHR,0.4,2.297924527623436,108.0
BHS,0.4,2.4385270338786755,103.0
BIH,0.4,2.002205391991449,119.0
BLR,0.4,0.5630565642233171,181.0
BLZ,0.4,2.8236229857225057,93.0
BOL,0.4,3.7015558364242445,67.0
BRA,0.4,3.503131181215151,73.0
BRB,0.4,1.4191669977502688,151.0
BRN,0.4,0.8844211928497615,167.0
BTN,0.4,2.3441625562917565,106.0
BWA,0.4,3.6538092933621864,68.0
CAF,0.4,5.949218416832423,16.0
CAN,0.4,0.8878938628342326,166.0
CHE,0.4,0.33801001117800256,186.0
CHL,0.4,1.8023286934757479,135.0
CHN,0.4,5.267962988335518,32.0
CIV,0.4,5.132647144193606,34.0
CMR,0.4,5.397995005420832,29.0
COD,0.4,6.239224258267312,11.0
COG,0.4,4.125792133898989,56.0
COL,0.4,4.286401014560442,52.0
COM,0.4,2.4977441814940224,102.0
CPV,0.4,2.039533642014305,117.0
CRI,0.4,1.9147983693605566,127.0
CUB,0.4,3.193513453247702,84.0
CYP,0.4,0.6986816611096086,178.0
CZE,0.4,1.9389653658212642,124.0
DEU,0.4,1.0826819111581634,156.0
DJI,0.4,3.9284051010353904,61.0
DMA,0.4,1.8698242086109975,132.0
DNK,0.4,0.4744537254105417,183.0
DOM,0.4,2.7759215796164947,94.0
DZA,0.4,2.993692260424632,89.0
ECU,0.4,3.4417274281749783,76.0
EGY,0.4,4.4080393012288335,49.0
ERI,0.4,5.403035693404469,28.0
ESP,0.4,2.423684767223656,104.0
EST,0.4,0.9361981430862286,163.0
ETH,0.4,6.350764616914766,9.0
FIN,0.4,0.5682451119827905,180.0
FJI,0.4,2.2913313992297586,109.0
FRA,0.4,0.7274711855044851,175.0
FSM,0.4,1.4601793519115271,150.0
GAB,0.4,3.501021725155246,74.0
GBR,0.4,0.966123537333008,161.0
GEO,0.4,2.154584105317717,115.0
GHA,0.4,4.632590185818535,43.0
GIN,0.4,6.025468563701969,14.0
GMB,0.4,4.093116717958815,57.0
GNB,0.4,4.939095243342113,38.0
GNQ,0.4,3.898467134600584,62.0
GRC,0.4,1.9054457492405572,128.0
GTM,0.4,4.622228288838459,44.0
GUY,0.4,2.255774329155669,111.0
HND,0.4,4.421522732089628,48.0
HRV,0.4,1.7664349916187756,139.0
HTI,0.4,4.581262189871729,46.0
HUN,0.4,0.5783858598271217,179.0
IDN,0.4,5.021171723466539,37.0
IND,0.4,6.013320485294833,15.0
IRL,0.4,0.8336436684640187,170.0
IRN,0.4,4.211601646755833,54.0
IRQ,0.4,3.845632033141273,63.0
ISL,0.4,1.011964304243514,159.0
ISR,0.4,0.8935505973346144,165.0
ITA,0.4,0.7604420038291035,172.0
JAM,0.4,2.0269084215677955,118.0
JOR,0.4,2.8728671397567567,91.0
JPN,0.4,1.5740056717413569,146.0
KAZ,0.4,2.1881231156230303,114.0
KEN,0.4,5.114663733215514,35.0
KGZ,0.4,2.278292989030462,110.0
KHM,0.4,5.946506801403464,17.0
KIR,0.4,1.773806388551904,138.0
KNA,0.4,1.6818530484293708,143.0
KOR,0.4,2.0639484915054833,116.0
KWT,0.4,3.352418442873369,79.0
LAO,0.4,5.532737631618761,24.0
LBN,0.4,2.3237874941075667,107.0
LBR,0.4,5.028254137576834,36.0
LBY,0.4,3.297744700534264,81.0
LCA,0.4,1.5061607702101327,149.0
LKA,0.4,2.7603497019410286,95.0
LSO,0.4,2.749824992262789,96.0
LTU,0.4,0.7168572696980563,176.0
LUX,0.4,0.15921274912325475,187.0
LVA,0.4,0.822775137835474,171.0
MAR,0.4,4.853993131628651,39.0
MDA,0.4,2.2016830188139322,113.0
MDG,0.4,7.758536585444045,1.0
MDV,0.4,0.7124169970526846,177.0
MEX,0.4,4.062878347589352,58.0
MHL,0.4,1.847610372505786,133.0
MKD,0.4,1.9419572315800102,123.0
MLI,0.4,5.700039586944847,20.0
MLT,0.4,0.9183483312512664,164.0
MMR,0.4,6.7827853375933005,7.0
MNE,0.4,1.7551644467166796,140.0
MNG,0.4,1.9423828185364622,122.0
MOZ,0.4,7.358112790426592,3.0
MRT,0.4,5.516292204794049,25.0
MUS,0.4,1.870538181286361,130.0
MWI,0.4,3.8138456122979183,64.0
MYS,0.4,4.02850525989076,59.0
NAM,0.4,4.32286455585545,51.0
NER,0.4,6.350432780797697,10.0
NGA,0.4,6.636716239210802,8.0
NLD,0.4,0.8681537214165524,168.0
NOR,0.4,0.3945551275087758,184.0
NPL,0.4,3.612642755378741,69.0
NRU,0.4,0.35461800461609344,185.0
NZL,0.4,1.551312962004349,148.0
OMN,0.4,3.724354250991834,65.0
PAK,0.4,7.020131622342117,5.0
PAN,0.4,2.856329133055313,92.0
PER,0.4,4.180246932456551,55.0
PHL,0.4,5.610349127358854,23.0
PNG,0.4,5.246842375015589,33.0
POL,0.4,0.974833232942631,160.0
PRK,0.4,2.588835740660793,99.0
PRT,0.4,1.1790964786804712,154.0
PRY,0.4,2.7181481474761653,97.0
PSE,0.4,1.8302536162167133,134.0
QAT,0.4,2.2200446842840384,112.0
ROU,0.4,1.784813055094358,137.0
RUS,0.4,3.152619955366511,87.0
RWA,0.4,3.0325532611041317,88.0
SAU,0.4,3.3474703763641025,80.0
SDN,0.4,7.096401471236293,4.0
SEN,0.4,4.785554113331131,40.0
SGP,0.4,1.177162634105477,155.0
SLB,0.4,3.189935457128133,85.0
SLE,0.4,5.503063791661862,26.0
SLV,0.4,3.525489966920172,72.0
SOM,0.4,7.018718213584951,6.0
SRB,0.4,1.7292674901459701,142.0
SSD,0.4,6.225196981811817,12.0
STP,0.4,1.9976284080003381,120.0
SUR,0.4,2.5280845986038996,101.0
SVK,0.4,1.0755025661165616,157.0
SVN,0.4,0.8440232376478476,169.0
SWE,0.4,0.5376269726136705,182.0
SWZ,0.4,3.2206059339525357,82.0
SYC,0.4,0.7337804416731998,174.0
SYR,0.4,3.4896114756136383,75.0
TCD,0.4,7.378080985818554,2.0
TGO,0.4,4.6409054274479535,42.0
THA,0.4,4.278163398903846,53.0
TJK,0.4,2.9135672044150347,90.0
TKM,0.4,2.4069677206062567,105.0
TLS,0.4,3.438042077463734,77.0
TON,0.4,1.4065724833335196,152.0
TTO,0.4,1.8701071580870818,131.0
TUN,0.4,2.563705220085874,100.0
TUR,0.4,3.1614156074389297,86.0
TUV,0.4,1.030633351557462,158.0
TZA,0.4,5.32822216807145,30.0
UGA,0.4,4.605737915149091,45.0
UKR,0.4,1.960754306005675,121.0
URY,0.4,1.925405462490759,126.0
USA,0.4,1.9291000695323006,125.0
UZB,0.4,3.2146330884231076,83.0
VCT,0.4,1.6690595675887137,144.0
VEN,0.4,3.7131328763653464,66.0
VNM,0.4,5.406025036167476,27.0
VUT,0.4,3.55597456749443,70.0
WSM,0.4,1.873950802999241,129.0
YEM,0.4,5.686738766020577,21.0
ZAF,0.4,4.322872809327739,50.0
ZMB,0.4,4.466850042147794,47.0
ZWE,0.4,4.763787459506874,41.0
AFG,0.5,5.887915324926768,18.0
AGO,0.5,6.067523143926221,13.0
ALB,0.5,1.7485648053391998,133.0
ARG,0.5,2.71481950830756,96.0
ARM,0.5,1.6361024258408776,135.0
AUS,0.5,1.1797425843500347,140.0
AUT,0.5,0.9388712635217858,147.0
AZE,0.5,3.365188031764474,76.0
BDI,0.5,3.965882451941944,60.0
BEL,0.5,0.7369983409715936,152.0
BEN,0.5,5.802665853811902,19.0
BFA,0.5,5.305824429071388,31.0
BGD,0.5,5.64075037632106,22.0
BGR,0.5,1.7880145482408165,129.0
BHR,0.5,2.297924527623436,104.0
BIH,0.5,2.002205391991449,115.0
BLR,0.5,0.5630565642233171,156.0
BLZ,0.5,2.8236229857225057,91.0
BOL,0.5,3.7015558364242445,66.0
BRA,0.5,3.503131181215151,71.0
BRB,0.5,1.4191669977502688,138.0
BTN,0.5,2.3441625562917565,102.0
BWA,0.5,3.6538092933621864,67.0
CAF,0.5,5.949218416832423,16.0
CHL,0.5,1.8023286934757479,128.0
CHN,0.5,5.267962988335518,32.0
CIV,0.5,5.132647144193606,34.0
CMR,0.5,5.397995005420832,29.0
COD,0.5,6.239224258267312,11.0
COG,0.5,4.125792133898989,56.0
COL,0.5,4.286401014560442,52.0
COM,0.5,2.4977441814940224,100.0
CPV,0.5,2.039533642014305,113.0
CRI,0.5,1.9147983693605566,123.0
CUB,0.5,3.193513453247702,82.0
CZE,0.5,1.9389653658212642,120.0
DEU,0.5,1.0826819111581634,143.0
DJI,0.5,3.9284051010353904,61.0
DOM,0.5,2.7759215796164947,92.0
DZA,0.5,2.993692260424632,87.0
ECU,0.5,3.4417274281749783,74.0
EGY,0.5,4.4080393012288335,49.0
ERI,0.5,5.403035693404469,28.0
ETH,0.5,6.350764616914766,9.0
FIN,0.5,0.5682451119827905,155.0
FJI,0.5,2.2913313992297586,105.0
GAB,0.5,3.501021725155246,72.0
GBR,0.5,0.966123537333008,146.0
GEO,0.5,2.154584105317717,111.0
GHA,0.5,4.632590185818535,43.0
GIN,0.5,6.025468563701969,14.0
GMB,0.5,4.093116717958815,57.0
GNB,0.5,4.939095243342113,38.0
GNQ,0.5,3.898467134600584,62.0
GTM,0.5,4.622228288838459,44.0
GUY,0.5,2.255774329155669,107.0
HND,0.5,4.421522732089628,48.0
HTI,0.5,4.581262189871729,46.0
IDN,0.5,5.021171723466539,37.0
IND,0.5,6.013320485294833,15.0
IRL,0.5,0.8336436684640187,150.0
IRN,0.5,4.211601646755833,54.0
IRQ,0.5,3.845632033141273,63.0
JAM,0.5,2.0269084215677955,114.0
JOR,0.5,2.8728671397567567,89.0
JPN,0.5,1.5740056717413569,136.0
KAZ,0.5,2.1881231156230303,110.0
KEN,0.5,5.114663733215514,35.0
KGZ,0.5,2.278292989030462,106.0
KHM,0.5,5.946506801403464,17.0
KIR,0.5,1.773806388551904,131.0
KOR,0.5,2.0639484915054833,112.0
KWT,0.5,3.352418442873369,77.0
LAO,0.5,5.532737631618761,24.0
LBN,0.5,2.3237874941075667,103.0
LBR,0.5,5.028254137576834,36.0
LBY,0.5,3.297744700534264,79.0
LCA,0.5,1.5061607702101327,137.0
LKA,0.5,2.7603497019410286,93.0
LSO,0.5,2.749824992262789,94.0
LTU,0.5,0.7168572696980563,153.0
LVA,0.5,0.822775137835474,151.0
MAR,0.5,4.853993131628651,39.0
MDA,0.5,2.2016830188139322,109.0
MDG,0.5,7.758536585444045,1.0
MDV,0.5,0.7124169970526846,154.0
MEX,0.5,4.062878347589352,58.0
MHL,0.5,1.847610372505786,126.0
MKD,0.5,1.9419572315800102,119.0
MLI,0.5,5.700039586944847,20.0
MLT,0.5,0.9183483312512664,148.0
MMR,0.5,6.7827853375933005,7.0
MNE,0.5,1.7551644467166796,132.0
MNG,0.5,1.9423828185364622,118.0
MOZ,0.5,7.358112790426592,3.0
MRT,0.5,5.516292204794049,25.0
MWI,0.5,3.8138456122979183,64.0
MYS,0.5,4.02850525989076,59.0
NAM,0.5,4.32286455585545,51.0
NER,0.5,6.350432780797697,10.0
NGA,0.5,6.636716239210802,8.0
NLD,0.5,0.8681537214165524,149.0
NPL,0.5,3.612642755378741,68.0
NRU,0.5,0.35461800461609344,157.0
OMN,0.5,3.724354250991834,65.0
PAK,0.5,7.020131622342117,5.0
PAN,0.5,2.856329133055313,90.0
PER,0.5,4.180246932456551,55.0
PHL,0.5,5.610349127358854,23.0
PNG,0.5,5.246842375015589,33.0
POL,0.5,0.974833232942631,145.0
PRK,0.5,2.588835740660793,97.0
PRT,0.5,1.1790964786804712,141.0
PRY,0.5,2.7181481474761653,95.0
PSE,0.5,1.8302536162167133,127.0
QAT,0.5,2.2200446842840384,108.0
ROU,0.5,1.784813055094358,130.0
RUS,0.5,3.152619955366511,85.0
RWA,0.5,3.0325532611041317,86.0
SAU,0.5,3.3474703763641025,78.0
SDN,0.5,7.096401471236293,4.0
SEN,0.5,4.785554113331131,40.0
SGP,0.5,1.177162634105477,142.0
SLB,0.5,3.189935457128133,83.0
SLE,0.5,5.503063791661862,26.0
SLV,0.5,3.525489966920172,70.0
SOM,0.5,7.018718213584951,6.0
SRB,0.5,1.7292674901459701,134.0
SSD,0.5,6.225196981811817,12.0
STP,0.5,1.9976284080003381,116.0
SUR,0.5,2.5280845986038996,99.0
SWZ,0.5,3.2206059339525357,80.0
SYR,0.5,3.4896114756136383,73.0
TCD,0.5,7.378080985818554,2.0
TGO,0.5,4.6409054274479535,42.0
THA,0.5,4.278163398903846,53.0
TJK,0.5,2.9135672044150347,88.0
TKM,0.5,2.4069677206062567,101.0
TLS,0.5,3.438042077463734,75.0
TON,0.5,1.4065724833335196,139.0
TTO,0.5,1.8701071580870818,125.0
TUN,0.5,2.563705220085874,98.0
TUR,0.5,3.1614156074389297,84.0
TUV,0.5,1.030633351557462,144.0
TZA,0.5,5.32822216807145,30.0
UGA,0.5,4.605737915149091,45.0
UKR,0.5,1.960754306005675,117.0
URY,0.5,1.925405462490759,122.0
USA,0.5,1.9291000695323006,121.0
UZB,0.5,3.2146330884231076,81.0
VNM,0.5,5.406025036167476,27.0
VUT,0.5,3.55597456749443,69.0
WSM,0.5,1.873950802999241,124.0
YEM,0.5,5.686738766020577,21.0
ZAF,0.5,4.322872809327739,50.0
ZMB,0.5,4.466850042147794,47.0
ZWE,0.5,4.763787459506874,41.0
AFG,0.6,5.887915324926768,17.0
AGO,0.6,6.067523143926221,12.0
ALB,0.6,1.7485648053391998,108.0
ARG,0.6,2.71481950830756,82.0
ARM,0.6,1.6361024258408776,110.0
AZE,0.6,3.365188031764474,67.0
BDI,0.6,3.965882451941944,55.0
BEN,0.6,5.802665853811902,18.0
BFA,0.6,5.305824429071388,29.0
BGD,0.6,5.64075037632106,21.0
BLR,0.6,0.5630565642233171,114.0
BLZ,0.6,2.8236229857225057,77.0
BOL,0.6,3.7015558364242445,59.0
BRA,0.6,3.503131181215151,63.0
BTN,0.6,2.3441625562917565,87.0
CAF,0.6,5.949218416832423,15.0
CHL,0.6,1.8023286934757479,105.0
CHN,0.6,5.267962988335518,30.0
CIV,0.6,5.132647144193606,32.0
CMR,0.6,5.397995005420832,27.0
COD,0.6,6.239224258267312,11.0
COG,0.6,4.125792133898989,52.0
COL,0.6,4.286401014560442,49.0
COM,0.6,2.4977441814940224,85.0
CPV,0.6,2.039533642014305,94.0
CRI,0.6,1.9147983693605566,100.0
CUB,0.6,3.193513453247702,70.0
DOM,0.6,2.7759215796164947,78.0
DZA,0.6,2.993692260424632,73.0
ECU,0.6,3.4417274281749783,65.0
EGY,0.6,4.4080393012288335,47.0
ETH,0.6,6.350764616914766,9.0
FJI,0.6,2.2913313992297586,88.0
GAB,0.6,3.501021725155246,64.0
GEO,0.6,2.154584105317717,93.0
GHA,0.6,4.632590185818535,41.0
GIN,0.6,6.025468563701969,13.0
GMB,0.6,4.093116717958815,53.0
GNB,0.6,4.939095243342113,36.0
GTM,0.6,4.622228288838459,42.0
GUY,0.6,2.255774329155669,90.0
HND,0.6,4.421522732089628,46.0
HTI,0.6,4.581262189871729,44.0
IDN,0.6,5.021171723466539,35.0
IND,0.6,6.013320485294833,14.0
IRQ,0.6,3.845632033141273,56.0
JAM,0.6,2.0269084215677955,95.0
JOR,0.6,2.8728671397567567,75.0
KAZ,0.6,2.1881231156230303,92.0
KEN,0.6,5.114663733215514,33.0
KGZ,0.6,2.278292989030462,89.0
KHM,0.6,5.946506801403464,16.0
KIR,0.6,1.773806388551904,106.0
LAO,0.6,5.532737631618761,23.0
LBR,0.6,5.028254137576834,34.0
LKA,0.6,2.7603497019410286,79.0
LSO,0.6,2.749824992262789,80.0
MAR,0.6,4.853993131628651,37.0
MDG,0.6,7.758536585444045,1.0
MDV,0.6,0.7124169970526846,113.0
MEX,0.6,4.062878347589352,54.0
MHL,0.6,1.847610372505786,103.0
MKD,0.6,1.9419572315800102,98.0
MLI,0.6,5.700039586944847,19.0
MMR,0.6,6.7827853375933005,7.0
MNE,0.6,1.7551644467166796,107.0
MNG,0.6,1.9423828185364622,97.0
MOZ,0.6,7.358112790426592,3.0
MRT,0.6,5.516292204794049,24.0
MWI,0.6,3.8138456122979183,57.0
NER,0.6,6.350432780797697,10.0
NGA,0.6,6.636716239210802,8.0
NPL,0.6,3.612642755378741,60.0
NRU,0.6,0.35461800461609344,115.0
OMN,0.6,3.724354250991834,58.0
PAK,0.6,7.020131622342117,5.0
PAN,0.6,2.856329133055313,76.0
PER,0.6,4.180246932456551,51.0
PHL,0.6,5.610349127358854,22.0
PNG,0.6,5.246842375015589,31.0
PRY,0.6,2.7181481474761653,81.0
PSE,0.6,1.8302536162167133,104.0
QAT,0.6,2.2200446842840384,91.0
RWA,0.6,3.0325532611041317,72.0
SDN,0.6,7.096401471236293,4.0
SEN,0.6,4.785554113331131,38.0
SLE,0.6,5.503063791661862,25.0
SLV,0.6,3.525489966920172,62.0
SOM,0.6,7.018718213584951,6.0
SRB,0.6,1.7292674901459701,109.0
STP,0.6,1.9976284080003381,96.0
SUR,0.6,2.5280845986038996,84.0
SWZ,0.6,3.2206059339525357,68.0
TCD,0.6,7.378080985818554,2.0
TGO,0.6,4.6409054274479535,40.0
THA,0.6,4.278163398903846,50.0
TJK,0.6,2.9135672044150347,74.0
TKM,0.6,2.4069677206062567,86.0
TLS,0.6,3.438042077463734,66.0
TON,0.6,1.4065724833335196,111.0
TTO,0.6,1.8701071580870818,102.0
TUN,0.6,2.563705220085874,83.0
TUR,0.6,3.1614156074389297,71.0
TUV,0.6,1.030633351557462,112.0
TZA,0.6,5.32822216807145,28.0
UGA,0.6,4.605737915149091,43.0
URY,0.6,1.925405462490759,99.0
UZB,0.6,3.2146330884231076,69.0
VNM,0.6,5.406025036167476,26.0
VUT,0.6,3.55597456749443,61.0
WSM,0.6,1.873950802999241,101.0
YEM,0.6,5.686738766020577,20.0
ZAF,0.6,4.322872809327739,48.0
ZMB,0.6,4.466850042147794,45.0
ZWE,0.6,4.763787459506874,39.0
AFG,0.7000000000000001,5.887915324926768,14.0
AGO,0.7000000000000001,6.067523143926221,9.0
ALB,0.7000000000000001,1.7485648053391998,94.0
ARG,0.7000000000000001,2.71481950830756,75.0
ARM,0.7000000000000001,1.6361024258408776,96.0
AZE,0.7000000000000001,3.365188031764474,60.0
BDI,0.7000000000000001,3.965882451941944,50.0
BEN,0.7000000000000001,5.802665853811902,15.0
BFA,0.7000000000000001,5.305824429071388,25.0
BGD,0.7000000000000001,5.64075037632106,17.0
BLR,0.7000000000000001,0.5630565642233171,100.0
BLZ,0.7000000000000001,2.8236229857225057,70.0
BOL,0.7000000000000001,3.7015558364242445,53.0
BRA,0.7000000000000001,3.503131181215151,56.0
CAF,0.7000000000000001,5.949218416832423,12.0
CHN,0.7000000000000001,5.267962988335518,26.0
CIV,0.7000000000000001,5.132647144193606,28.0
CMR,0.7000000000000001,5.397995005420832,23.0
COD,0.7000000000000001,6.239224258267312,8.0
COG,0.7000000000000001,4.125792133898989,47.0
COL,0.7000000000000001,4.286401014560442,44.0
COM,0.7000000000000001,2.4977441814940224,78.0
CRI,0.7000000000000001,1.9147983693605566,88.0
CUB,0.7000000000000001,3.193513453247702,63.0
DOM,0.7000000000000001,2.7759215796164947,71.0
DZA,0.7000000000000001,2.993692260424632,66.0
ECU,0.7000000000000001,3.4417274281749783,58.0
EGY,0.7000000000000001,4.4080393012288335,42.0
ETH,0.7000000000000001,6.350764616914766,6.0
FJI,0.7000000000000001,2.2913313992297586,80.0
GAB,0.7000000000000001,3.501021725155246,57.0
GEO,0.7000000000000001,2.154584105317717,84.0
GHA,0.7000000000000001,4.632590185818535,36.0
GIN,0.7000000000000001,6.025468563701969,10.0
GMB,0.7000000000000001,4.093116717958815,48.0
GNB,0.7000000000000001,4.939095243342113,32.0
GTM,0.7000000000000001,4.622228288838459,37.0
GUY,0.7000000000000001,2.255774329155669,82.0
HND,0.7000000000000001,4.421522732089628,41.0
HTI,0.7000000000000001,4.581262189871729,39.0
IDN,0.7000000000000001,5.021171723466539,31.0
IND,0.7000000000000001,6.013320485294833,11.0
IRQ,0.7000000000000001,3.845632033141273,51.0
JOR,0.7000000000000001,2.8728671397567567,68.0
KAZ,0.7000000000000001,2.1881231156230303,83.0
KEN,0.7000000000000001,5.114663733215514,29.0
KGZ,0.7000000000000001,2.278292989030462,81.0
KHM,0.7000000000000001,5.946506801403464,13.0
KIR,0.7000000000000001,1.773806388551904,92.0
LAO,0.7000000000000001,5.532737631618761,19.0
LBR,0.7000000000000001,5.028254137576834,30.0
LKA,0.7000000000000001,2.7603497019410286,72.0
LSO,0.7000000000000001,2.749824992262789,73.0
MDG,0.7000000000000001,7.758536585444045,1.0
MDV,0.7000000000000001,0.7124169970526846,99.0
MEX,0.7000000000000001,4.062878347589352,49.0
MKD,0.7000000000000001,1.9419572315800102,87.0
MLI,0.7000000000000001,5.700039586944847,16.0
MMR,0.7000000000000001,6.7827853375933005,4.0
MNE,0.7000000000000001,1.7551644467166796,93.0
MNG,0.7000000000000001,1.9423828185364622,86.0
MRT,0.7000000000000001,5.516292204794049,20.0
MWI,0.7000000000000001,3.8138456122979183,52.0
NER,0.7000000000000001,6.350432780797697,7.0
NGA,0.7000000000000001,6.636716239210802,5.0
NPL,0.7000000000000001,3.612642755378741,54.0
PAK,0.7000000000000001,7.020131622342117,3.0
PAN,0.7000000000000001,2.856329133055313,69.0
PER,0.7000000000000001,4.180246932456551,46.0
PHL,0.7000000000000001,5.610349127358854,18.0
PNG,0.7000000000000001,5.246842375015589,27.0
PRY,0.7000000000000001,2.7181481474761653,74.0
PSE,0.7000000000000001,1.8302536162167133,91.0
RWA,0.7000000000000001,3.0325532611041317,65.0
SEN,0.7000000000000001,4.785554113331131,33.0
SLE,0.7000000000000001,5.503063791661862,21.0
SLV,0.7000000000000001,3.525489966920172,55.0
SRB,0.7000000000000001,1.7292674901459701,95.0
STP,0.7000000000000001,1.9976284080003381,85.0
SUR,0.7000000000000001,2.5280845986038996,77.0
SWZ,0.7000000000000001,3.2206059339525357,61.0
TCD,0.7000000000000001,7.378080985818554,2.0
TGO,0.7000000000000001,4.6409054274479535,35.0
THA,0.7000000000000001,4.278163398903846,45.0
TJK,0.7000000000000001,2.9135672044150347,67.0
TKM,0.7000000000000001,2.4069677206062567,79.0
TLS,0.7000000000000001,3.438042077463734,59.0
TON,0.7000000000000001,1.4065724833335196,97.0
TTO,0.7000000000000001,1.8701071580870818,90.0
TUN,0.7000000000000001,2.563705220085874,76.0
TUR,0.7000000000000001,3.1614156074389297,64.0
TUV,0.7000000000000001,1.030633351557462,98.0
TZA,0.7000000000000001,5.32822216807145,24.0
UGA,0.7000000000000001,4.605737915149091,38.0
UZB,0.7000000000000001,3.2146330884231076,62.0
VNM,0.7000000000000001,5.406025036167476,22.0
WSM,0.7000000000000001,1.873950802999241,89.0
ZAF,0.7000000000000001,4.322872809327739,43.0
ZMB,0.7000000000000001,4.466850042147794,40.0
ZWE,0.7000000000000001,4.763787459506874,34.0
AFG,0.8,5.887915324926768,13.0
AGO,0.8,6.067523143926221,9.0
ALB,0.8,1.7485648053391998,79.0
ARG,0.8,2.71481950830756,63.0
ARM,0.8,1.6361024258408776,81.0
BDI,0.8,3.965882451941944,45.0
BEN,0.8,5.802665853811902,14.0
BFA,0.8,5.305824429071388,23.0
BGD,0.8,5.64075037632106,16.0
BLZ,0.8,2.8236229857225057,58.0
BOL,0.8,3.7015558364242445,48.0
BRA,0.8,3.503131181215151,50.0
CAF,0.8,5.949218416832423,12.0
CHN,0.8,5.267962988335518,24.0
CIV,0.8,5.132647144193606,25.0
CMR,0.8,5.397995005420832,21.0
COD,0.8,6.239224258267312,8.0
COG,0.8,4.125792133898989,42.0
COL,0.8,4.286401014560442,39.0
CRI,0.8,1.9147983693605566,74.0
CUB,0.8,3.193513453247702,53.0
DOM,0.8,2.7759215796164947,59.0
DZA,0.8,2.993692260424632,55.0
ECU,0.8,3.4417274281749783,51.0
EGY,0.8,4.4080393012288335,37.0
ETH,0.8,6.350764616914766,6.0
GEO,0.8,2.154584105317717,70.0
GHA,0.8,4.632590185818535,31.0
GIN,0.8,6.025468563701969,10.0
GMB,0.8,4.093116717958815,43.0
GNB,0.8,4.939095243342113,27.0
GTM,0.8,4.622228288838459,32.0
GUY,0.8,2.255774329155669,68.0
HND,0.8,4.421522732089628,36.0
HTI,0.8,4.581262189871729,34.0
IDN,0.8,5.021171723466539,26.0
IND,0.8,6.013320485294833,11.0
IRQ,0.8,3.845632033141273,46.0
JOR,0.8,2.8728671397567567,57.0
KAZ,0.8,2.1881231156230303,69.0
KGZ,0.8,2.278292989030462,67.0
KIR,0.8,1.773806388551904,77.0
LAO,0.8,5.532737631618761,18.0
LKA,0.8,2.7603497019410286,60.0
LSO,0.8,2.749824992262789,61.0
MDG,0.8,7.758536585444045,1.0
MDV,0.8,0.7124169970526846,84.0
MEX,0.8,4.062878347589352,44.0
MKD,0.8,1.9419572315800102,73.0
MLI,0.8,5.700039586944847,15.0
MMR,0.8,6.7827853375933005,4.0
MNE,0.8,1.7551644467166796,78.0
MNG,0.8,1.9423828185364622,72.0
MRT,0.8,5.516292204794049,19.0
MWI,0.8,3.8138456122979183,47.0
NER,0.8,6.350432780797697,7.0
NGA,0.8,6.636716239210802,5.0
NPL,0.8,3.612642755378741,49.0
PAK,0.8,7.020131622342117,3.0
PER,0.8,4.180246932456551,41.0
PHL,0.8,5.610349127358854,17.0
PRY,0.8,2.7181481474761653,62.0
PSE,0.8,1.8302536162167133,76.0
RWA,0.8,3.0325532611041317,54.0
SEN,0.8,4.785554113331131,28.0
SLE,0.8,5.503063791661862,20.0
SRB,0.8,1.7292674901459701,80.0
STP,0.8,1.9976284080003381,71.0
SUR,0.8,2.5280845986038996,65.0
TCD,0.8,7.378080985818554,2.0
TGO,0.8,4.6409054274479535,30.0
THA,0.8,4.278163398903846,40.0
TJK,0.8,2.9135672044150347,56.0
TKM,0.8,2.4069677206062567,66.0
TLS,0.8,3.438042077463734,52.0
TON,0.8,1.4065724833335196,82.0
TUN,0.8,2.563705220085874,64.0
TUV,0.8,1.030633351557462,83.0
TZA,0.8,5.32822216807145,22.0
UGA,0.8,4.605737915149091,33.0
WSM,0.8,1.873950802999241,75.0
ZAF,0.8,4.322872809327739,38.0
ZMB,0.8,4.466850042147794,35.0
ZWE,0.8,4.763787459506874,29.0
AGO,0.9,6.067523143926221,8.0
ARM,0.9,1.6361024258408776,40.0
BDI,0.9,3.965882451941944,27.0
BEN,0.9,5.802665853811902,11.0
BGD,0.9,5.64075037632106,13.0
CIV,0.9,5.132647144193606,18.0
CMR,0.9,5.397995005420832,17.0
COD,0.9,6.239224258267312,7.0
COL,0.9,4.286401014560442,25.0
CRI,0.9,1.9147983693605566,38.0
DOM,0.9,2.7759215796164947,31.0
ETH,0.9,6.350764616914766,6.0
GIN,0.9,6.025468563701969,9.0
HND,0.9,4.421522732089628,23.0
IND,0.9,6.013320485294833,10.0
IRQ,0.9,3.845632033141273,28.0
KGZ,0.9,2.278292989030462,37.0
KIR,0.9,1.773806388551904,39.0
LAO,0.9,5.532737631618761,14.0
LKA,0.9,2.7603497019410286,32.0
LSO,0.9,2.749824992262789,33.0
MDG,0.9,7.758536585444045,1.0
MEX,0.9,4.062878347589352,26.0
MLI,0.9,5.700039586944847,12.0
MMR,0.9,6.7827853375933005,4.0
MRT,0.9,5.516292204794049,15.0
MWI,0.9,3.8138456122979183,29.0
NGA,0.9,6.636716239210802,5.0
PAK,0.9,7.020131622342117,3.0
PRY,0.9,2.7181481474761653,34.0
SEN,0.9,4.785554113331131,19.0
SLE,0.9,5.503063791661862,16.0
SUR,0.9,2.5280845986038996,35.0
TCD,0.9,7.378080985818554,2.0
TGO,0.9,4.6409054274479535,21.0
TKM,0.9,2.4069677206062567,36.0
TLS,0.9,3.438042077463734,30.0
ZAF,0.9,4.322872809327739,24.0
ZMB,0.9,4.466850042147794,22.0
ZWE,0.9,4.763787459506874,20.0
ARM,1.0,1.6361024258408776,11.0
BDI,1.0,3.965882451941944,8.0
BEN,1.0,5.802665853811902,4.0
CRI,1.0,1.9147983693605566,10.0
GIN,1.0,6.025468563701969,3.0
MDG,1.0,7.758536585444045,1.0
MEX,1.0,4.062878347589352,7.0
MMR,1.0,6.7827853375933005,2.0
PRY,1.0,2.7181481474761653,9.0
SEN,1.0,4.785554113331131,5.0
ZMB,1.0,4.466850042147794,6.0
