rfl_rel,cfl_rel,ts_rel,agdr_rel,metdr_spei_rel,metdr_spi_rel,hw_fre_rel,hw_dur_rel,hw_sev_rel,ext_rel,fr_fre_rel,fr_int_rel,sds_rel,iso3,SIDS
-1.4478557,0.5047809,-0.14267477,-1.2099167,0.4497374,-0.5207152,-1.1791716,-0.92164165,1.3913237,-18.909418,-3.201286,-3.5193572,-0.59058577,AND,False
0.44654736,-0.10934285,-0.08175602,-1.861448,0.006863538,-0.0934228,-0.14531934,0.5039643,-0.6822878,-5.8265133,8.582512,0.48550406,0.2759714,AGO,False
1.5575056,0.4520146,-0.14481144,11.508586,0.37866408,1.2289678,0.2304711,0.30872005,3.2149901,21.374918,-1.8937247,0.49051708,-0.89389306,AFG,False
2.53317,2.3076775,-0.0453124,-3.3011603,0.24382088,-1.28804,2.8369396,0.35061115,2.9299178,40.467045,-2.1034565,2.3401859,-1.9467438,ARE,False
0.6147539,0.42439416,-0.23407778,1.4263597,0.48653418,1.7671819,0.92415595,1.1968514,0.5917135,-4.926339,-0.9902544,0.86937326,-0.18191005,ARM,False
1.1433578,0.19502346,-0.34287038,9.623219,-1.7625476,0.19940563,0.4998327,0.6981325,1.8557096,-17.145834,0.18065496,1.9721324,-0.25327456,ALB,False
3.0988092,-0.15018146,-0.18760009,-0.97262526,0.30850574,-0.41169754,0.33293638,0.3873407,-1.4335814,17.949566,7.2938824,0.65081596,-0.2984944,ARG,False
0.98791826,0.03721963,-0.08292366,9.857535,0.4643506,0.47127715,1.0781989,0.1685707,-0.22450729,36.7935,6.837394,0.80177087,0.30315664,BEN,False
-1.337238,0.19301347,-0.16194513,-4.2349205,-0.37512878,0.31707916,-1.1310748,0.11194488,-1.0793061,-20.670732,-0.4519435,0.7705501,-0.07808823,BDI,False
4.0794883,0.48686975,-0.37193325,-0.21575768,-0.07493262,-1.6288958,0.04430986,-0.07209026,1.3320755,-18.533722,-1.6713384,-3.8433473,-0.29040015,AUT,False
0.2667636,0.08894281,0.5984421,-3.3925211,-0.5934159,-0.00871432,0.65457034,0.18001191,0.46898916,-4.1763387,0.10776671,1.0937166,0.13717566,AUS,False
1.4350142,0.61410105,-0.217353,2.388259,0.026422096,-0.41952667,0.02832161,0.15588948,3.2375836,15.683461,-3.4155502,1.5060105,-2.6085234,AZE,False
-1.597362,-4.145305,-0.0474498,-12.4773855,-0.14359023,-0.39755964,-3.867951,-0.8372679,-1.7587788,19.083733,-13.8381605,-6.393383,0.7233565,BHR,False
0.5440633,0.5396113,-0.37309867,-5.839855,0.04852044,-0.7575191,-0.07411591,-0.4499751,-1.2422317,-20.72347,-0.4025838,0.4185738,-0.19532809,BEL,False
-0.09082174,-0.4251633,-0.24704921,15.4927435,0.8976452,-0.048333608,0.50223637,0.6245808,2.5652425,-16.41815,-0.8484547,3.3791225,-0.088687934,BGR,False
-3.5190148,0.5018688,-0.06361324,7.0524035,-0.20683794,-4.0432467,-0.93147224,0.48533705,-0.4919988,35.334393,2.3450997,1.2114322,1.332449,BFA,False
0.03581533,0.38507426,-0.42048132,-1.4840413,-0.22286218,-1.0949057,0.1785197,0.3230989,-0.6837423,-18.45502,-1.5560296,0.12535958,-0.40064502,BLR,False
0.3463472,0.049882468,-0.1270123,-5.8197355,-0.13434945,-0.11241387,-0.6449633,-0.38003275,0.13304153,16.5271,2.8772826,0.34703058,0.38373616,BOL,False
0.33468857,-0.7704273,0.79707056,-11.30002,-0.9593988,-0.7179906,-0.303925,0.6586213,-1.5476524,14.896587,2.5359688,0.88847214,0.10985998,BLZ,True
1.0016843,1.8130198,0.55152756,15.447972,1.512184,0.396227,0.12241879,-0.20674469,-0.29842412,30.816908,-5.10129,0.94010115,-0.7430554,BGD,False
-1.7774181,0.5960152,0.59659594,-5.517096,-0.32148114,0.49278712,-1.512136,-0.2701487,-1.2686454,-18.16174,-2.1373363,0.43814674,-0.12482773,BHS,True
3.742929,3.0857527,1.1067606,1.7353739,0.716805,1.6133553,0.62695825,0.9939972,4.8967032,20.47486,3.9341865,0.8097437,-0.29671842,CHN,False
0.8371394,0.7869207,-0.21649557,14.009523,-1.4445446,-0.62424845,0.32652265,-0.3816825,-0.06554971,-19.4407,0.26437977,0.84760153,0.118316054,BIH,False
-0.35082325,0.5040707,-0.2872599,-1.5094253,-0.06171097,-1.3071958,-0.6645516,0.13605274,-0.68956155,-17.792957,-1.811166,-4.109987,-0.4317601,CHE,False
0.561432,0.5187955,-0.1361375,-3.8503852,-0.023776332,1.3600612,-0.40185043,0.6569907,-0.17798397,48.798206,3.8282993,0.37801725,1.0015455,BWA,False
0.56381226,-0.17747003,-0.31705466,-8.170596,-0.1121521,-0.2995423,-0.17147619,0.59598666,-0.48673233,16.159235,-0.20454088,0.5702127,-0.40092131,BRA,False
-0.4741521,0.14539148,-0.36778972,-6.5017676,-0.41099527,0.60106283,0.55960363,-0.43414694,-1.1158984,-21.819809,0.5799225,0.7121825,-0.1814649,BTN,False
0.76271474,0.43995145,-0.113891855,-2.5435205,0.70579314,1.1557229,-0.17481917,3.2943063,2.7721472,46.608234,15.261765,0.2587544,1.1479106,CAF,False
0.9222416,-0.67617464,-0.40964642,-4.933715,-0.06419248,-0.41208196,-0.888988,0.04843049,-1.1768456,-19.676645,0.9611324,-2.256613,-0.10669174,BRN,False
-1.4058583,0.23699361,0.43614453,-4.3510747,0.15447406,-0.056527466,-1.4054812,-0.106037825,-1.5091723,-15.915024,-3.077122,-1.8559064,-0.3065973,BRB,True
-0.29965064,-0.12185488,-0.08044727,3.9796925,-0.6047572,-0.4680271,0.40230182,0.29364422,-4.9110746,20.151777,-4.7506127,1.4253638,0.5623291,CYP,False
-1.4527818,-0.4926055,0.22083709,-4.9568787,-0.301982,-0.036807943,-1.2908853,-0.8290019,-1.1278613,-13.564301,-1.0870389,-0.51925576,-0.15169473,CRI,False
-1.5461679,0.32153523,0.70356965,-6.225267,0.005894528,-0.06375482,-0.20827721,-0.12057365,-1.8030032,-16.689463,-2.1219227,-0.26311508,-0.91854316,CPV,True
1.1785307,-0.009125558,-0.08653313,-2.454704,-0.58895457,0.03518187,0.056709997,0.60440576,-0.5146433,-9.736074,8.757209,-1.3353748,0.3287584,COG,False
0.7589839,-0.62928975,0.4853056,-2.3103938,-0.23405626,0.5474813,-0.08960957,0.37739334,-0.6011505,-4.008769,-2.0662134,1.4180251,-0.46342334,COL,False
-1.4016161,0.23585194,0.40702698,-4.352826,0.03892327,-0.045882404,-1.4406198,-0.012455304,-1.5783329,-15.919847,-3.1264,-1.8917149,-0.31318048,COM,True
0.92451084,0.08309105,-0.11881118,-6.2922754,-0.080852605,0.6882073,-0.93787396,0.3857976,-0.20822537,13.450648,7.765686,0.43683192,-0.24564709,COD,False
0.77153313,-0.00057322154,-0.17121734,2.3483224,0.59077805,-0.13137044,-0.15786949,0.48388502,-0.83770555,23.100742,7.652323,-0.0076916507,-0.07956341,CMR,False
-0.35366777,-0.13459218,-0.44985268,-5.4246845,0.21973725,0.050851617,0.30695418,-0.061646264,0.8079228,-21.054628,2.636859,1.1709354,0.122459464,CHL,False
-0.6136087,0.6014588,0.28366363,0.68909407,0.34751287,0.10030667,1.0760454,0.44909552,-0.55508167,24.197329,8.799465,-1.9970517,-0.031203542,CIV,False
0.30165198,-0.5075008,-0.62221205,-6.763592,0.10428704,-0.14658058,-0.30993062,0.25607982,-0.7227969,-17.030943,-2.6328192,0.78521824,-0.28108507,ECU,False
-7.4719276,-2.5545003,-0.23425654,-1.400817,-1.2417694,0.4792911,-0.9158013,0.1609967,-14.964288,14.355663,-11.873293,-0.3840982,-2.6836383,EGY,False
1.4618418,-0.21049802,0.63245225,0.82408845,-0.29871234,1.0182484,0.019965695,0.4333341,4.55446,22.415546,-2.7958555,2.120503,-2.7980886,ESP,False
-0.5424995,0.25570998,-0.14086421,1.1273793,0.694621,0.5315528,0.06654679,0.8703961,3.3038836,32.025486,0.28449354,1.2017465,1.3362777,DZA,False
0.13404748,-0.5721853,-0.3874595,-2.7200015,-0.22300534,-0.27921608,0.32097247,-0.76135206,-1.5082537,-17.897726,-1.6187315,0.35455865,-0.30685756,CAN,False
-0.71205914,-0.37031206,0.5497525,-0.19684158,-0.0646253,0.038015775,-1.5053557,0.5902001,-1.9623061,-5.0506797,-1.8514355,-0.62599003,-0.29787943,DOM,True
-2.5891252,-1.0893217,0.29552096,0.2750399,-0.29863802,0.15446919,-3.4985993,-0.3537562,-1.8196746,16.318378,1.1554607,0.72817904,-0.2668742,CUB,True
0.29234776,-2.8007088,-0.20210814,-11.943734,-0.37097147,-0.60233647,-0.18079577,-0.08456062,-4.189892,16.250383,-7.3571653,-4.650885,-0.9975841,DJI,False
-1.2431287,0.08506396,0.42016158,-2.886663,0.1418466,-0.05730666,-0.267596,-0.10565004,-1.5148433,-18.76664,-3.1335254,-1.7884479,-0.27834323,DMA,True
-0.022855964,-0.67822295,-0.4872563,-1.887167,0.10835842,-0.59155893,0.10845041,0.08506017,-0.42769337,-16.43986,-1.7603471,-4.268827,-0.40924546,DEU,False
-2.7280056,0.43138582,-0.16779383,7.594099,-0.34758633,-1.3015211,-0.28948843,-0.5497398,1.2629482,-21.328318,-4.1182694,-4.6096144,-0.537413,CZE,False
-0.4896606,-0.4658877,0.5232883,-6.3301797,-0.0087729115,-0.9670808,0.88387257,-0.7602517,1.3787338,-20.092108,-1.835327,0.60731417,-0.6003039,GBR,False
0.70301646,-0.11884304,-0.11766359,-0.18361583,-0.35305598,0.58972657,0.026320439,-0.06921004,-4.4411044,23.898594,-5.03079,1.3286619,-0.9912977,ERI,False
-1.3938057,0.40234557,0.5198112,-3.6805465,0.15088536,-0.029563637,-1.2910116,-0.17275675,-1.4954797,-17.436867,-2.2048,-2.0881581,-0.29068097,FJI,True
-2.0767999,-0.38876042,-0.38829574,-2.0759408,-0.0281814,-0.53048974,0.01364599,0.283516,0.80200773,-20.402906,-3.2072845,-0.17838152,-0.33585328,DNK,False
1.395195,0.0958156,0.36996692,-0.43015087,-0.27717197,-0.32031605,0.14451523,0.85755545,2.4814823,-10.6484165,-1.517575,1.0300523,-0.3508442,FRA,False
-1.4936455,-0.26539055,0.47321454,-4.4863896,0.14156467,-0.042337835,-1.453995,-0.13059893,-1.5093458,-14.547747,-3.236474,-2.0782263,-0.31979278,FSM,True
-0.18204938,-0.339169,-0.4739893,-4.43444,0.13585906,-0.43379226,-0.00455567,0.5079931,1.8469272,-19.591593,-2.8322673,-2.8360806,-0.5898759,FIN,False
-0.79164076,-0.07190327,-0.38124725,-4.929723,-0.49005675,-0.36163113,-0.27508533,0.07253592,0.5804986,-20.638773,-2.0087202,0.411426,-0.2793904,EST,False
-1.6279522,0.25406754,-0.20597246,1.9619372,0.15095153,0.5113452,-0.22722286,-0.46141556,0.36243883,-14.811311,-1.2667071,0.5219004,0.035994492,ETH,False
1.4641994,-0.36729026,-0.21297088,7.2275414,0.28869945,-0.30951357,-0.97084,0.40621096,-1.1722004,-20.252947,-2.3984861,-7.253529,-0.7663261,GNQ,False
0.8083574,-0.7670665,-0.11202844,-0.8563804,-0.71618855,-2.8593016,-0.6440328,0.54718184,-0.59409773,35.014477,7.6973763,0.97807115,0.90442234,GNB,True
0.5468236,-0.58930624,-0.423683,-1.5315052,0.09113919,0.030127134,-0.0026195557,0.1467149,-0.37492225,-17.866852,-1.9739716,-3.8239505,-0.4128437,GAB,False
-0.17772603,-0.7656355,-0.13688813,5.511676,-1.4941498,-2.6075196,-0.4098646,0.2635896,-0.84311056,25.737185,2.079609,0.8167125,0.102785446,GMB,False
-0.3155753,-0.023150437,-0.09546652,6.4343834,0.4442888,0.45624182,1.0799859,0.2570682,-0.45004675,29.87224,6.6781287,0.6976979,0.33242184,GHA,False
1.0456377,-0.014744244,-0.38141268,-0.7312035,0.26517877,1.6050031,1.2175224,0.64124423,3.2828832,-4.5474524,-1.2721273,0.31494462,-0.25179347,GEO,False
2.0191457,0.22603583,0.10098057,6.6449513,-0.14154819,0.08038758,-0.8129308,-1.1647351,-2.746503,-12.830646,-2.0064297,-2.1311173,-0.03371259,GUY,True
-1.2832638,-0.41403744,-0.2567239,-0.43698475,0.28483015,0.82251835,0.9824162,0.6090509,3.9123833,-6.5010376,-0.1059265,1.9025393,0.11619527,GRC,False
0.06099582,-0.21003632,0.68166584,-1.0938873,2.0074282,0.8038311,-0.98384255,-0.27652642,-0.56891507,-3.589473,3.4412372,0.24520737,0.030212943,HND,False
-0.4057249,-0.35915658,-0.12759168,0.55044657,1.287482,0.46011227,0.050981805,0.5830708,-0.6290363,28.823893,10.150517,0.923786,0.26650324,GIN,False
-0.5433406,-0.08233708,0.23847231,-3.1068444,-1.0986987,0.17253695,-1.076709,-0.6332678,-0.9859433,-10.004747,5.670402,0.30117664,0.037556075,GTM,False
-1.1798228,-0.5490571,0.80236864,-5.8936634,-0.09288682,-1.3732975,0.7795146,-0.5984388,1.1513898,-18.866951,-2.2618718,-0.35260394,-0.5867819,IRL,False
0.31897074,0.27927068,-0.08977775,1.7856601,0.19937314,0.65040576,0.2083473,0.61631924,6.35091,23.94732,0.3062547,2.8122387,0.9003241,ISR,False
0.4215855,0.27125102,-0.08658355,-1.2222279,0.5684027,1.8084854,4.925493,5.262873,1.887474,44.15683,8.143601,0.60189915,2.0918994,IRQ,False
1.5694792,0.05307505,0.25866598,9.348836,1.4698831,1.390108,-0.10944088,0.54271317,1.2723403,42.41752,2.675933,1.0341644,0.9965528,IND,False
1.688474,-0.18113814,-0.17649359,-5.9888825,1.5226996,0.10048361,-0.20541365,0.6898198,2.3488832,29.016178,1.0481915,0.4630157,-2.1629195,IRN,False
-1.2040608,0.16054901,0.47598937,0.45096812,-0.056776308,0.033026204,-1.7053736,0.6567439,-2.1560297,-4.5369897,-1.9627182,-1.5534321,-0.39247334,HTI,True
1.5495129,-0.6350975,-0.2859165,14.48893,1.0330789,-0.12677778,0.3911914,-0.22903551,0.8013248,-16.480354,-1.2717195,3.1053233,-0.12329708,HRV,False
4.188232,0.7746584,-0.21271044,15.794432,0.96744883,-0.6135666,0.9962972,-0.32206726,0.5776403,-15.670829,-0.71980184,2.026478,-0.18105508,HUN,False
0.77215093,0.6676918,-0.10951166,-0.33318073,0.3639528,0.063897565,0.20807974,0.44744092,5.042581,42.096333,-5.033021,1.9357228,2.6445131,JOR,False
-0.3161802,0.27593684,-0.3155764,-4.451316,-0.2880261,-0.40168342,0.8489184,-0.17367744,0.50809306,-18.675697,-2.9195938,-2.3807743,-0.71823263,ISL,False
-1.7501669,-0.035260137,0.72398514,-0.29857808,-0.39692166,-0.30241734,-1.2746601,-0.10950956,-1.4921193,-19.828672,-0.15235175,1.090094,0.08957685,JAM,True
0.917249,-0.08027569,-0.18821336,-4.105343,-0.25104514,-0.5133047,-0.3896709,0.60386086,-0.48319015,-11.208316,-1.0127043,0.38810444,-0.24165145,IDN,False
-1.2401251,0.052530818,-0.18751974,-1.1186373,-0.06461537,0.25567454,-0.9722729,-1.15249,-2.921718,-9.334194,-3.0788398,0.6146069,0.16049683,KEN,False
-2.0889728,-0.090471014,-0.34797004,-0.49481282,-0.028793126,-0.17267445,0.3128368,-0.3544203,-0.047483355,-12.50749,-2.644584,-0.29255146,-0.53389955,LBN,False
1.2725524,-1.3944358,-0.2172189,-10.863005,-1.2401866,-0.22309087,-0.968342,0.4409172,0.8493927,30.018848,-0.32954925,0.7684768,0.91364145,KWT,False
0.99936366,0.07555834,0.48994943,8.179198,-0.76696706,1.3524191,3.243578,1.7357616,0.7988611,42.93845,7.5962157,1.0144899,1.4168669,KHM,False
-0.9922534,0.19745752,-0.20516431,-5.034112,0.12905939,-0.058774345,-0.07869003,-0.14106186,-1.5971155,-17.275303,-2.8109105,-2.0447304,0.6161667,KIR,True
-1.7961142,0.27315035,0.45464513,-0.4461126,-0.0023433103,-0.012875373,-1.4186815,-0.06113447,-1.8176631,-17.298038,-4.1532054,-2.5471165,-0.38505983,KNA,True
3.7223697,0.29234716,-0.15896267,-0.36730844,0.4126437,-0.5069475,0.51453674,0.34018266,-0.1432492,21.625319,-0.06102138,1.1334068,0.53701097,KAZ,False
7.519846,0.5227816,1.877013,0.84827614,0.21924433,-0.3672621,0.27454025,0.80115384,2.5314095,-15.609554,-1.9238656,0.9648443,-0.4147634,JPN,False
-1.1382682,-0.5885416,-0.41175818,-1.704555,-0.54980713,-1.318445,0.025969943,0.33156773,0.7470515,-19.485998,-3.1484308,-1.1710869,-0.44574517,LTU,False
-2.5766528,0.421786,-0.10686106,12.025156,-0.94004196,0.77840424,-1.1992165,1.5470536,-2.1702197,-15.886765,-2.7671278,3.0002842,0.7229919,LSO,False
3.7950327,-0.083710715,1.6156384,-4.0546675,0.3453153,1.8625195,2.1162233,0.24492055,1.3947664,-16.235111,-1.9184909,1.0813142,0.6743009,KOR,False
0.81189936,0.83423,0.038782712,-7.0499277,-0.16224337,-0.1926587,-0.18478088,0.14623939,-2.9476445,14.205899,-5.7808857,-3.005965,-1.4229099,LKA,False
-1.5404216,0.5031047,-0.14305462,6.175576,-0.35173264,-0.6621055,0.2936132,-0.48584443,2.0165277,-12.282733,-1.8673786,0.39621252,-0.5070028,KGZ,False
-1.3929818,0.057108134,0.4482141,-2.4031982,0.15043,-0.03335369,-1.3787148,-0.1207179,-1.5103976,-17.242176,-3.413214,-1.9516444,-0.31978184,LCA,True
1.8114928,-0.256688,-0.37800592,-0.6500146,0.4245203,-0.15106659,0.09231989,0.13462712,-1.0683005,-17.108835,9.36712,0.76697826,0.051210538,LBR,False
4.302139,-0.48911753,-0.12751985,9.007467,-0.6018853,0.69272983,0.008507096,-0.35751593,-2.114783,23.265192,-0.7645468,1.2798936,-0.4305408,LBY,False
0.8057747,0.11447555,0.47400358,0.36157778,0.69824433,0.12407313,1.478071,0.8026,0.471364,29.227118,11.053103,0.57491696,0.585327,LAO,False
0.64633435,-0.68361545,0.2439983,-5.9835725,0.021220844,-0.19144972,-0.22880493,0.56672657,-0.46820882,15.380352,0.10124968,0.56185126,-0.38404885,MEX,False
0.99809206,-0.50511736,-0.25396535,8.277599,0.10812868,1.190348,0.91419935,1.2219038,0.28082314,-13.5153885,-0.48464155,0.95227444,-0.24461932,ITA,False
0.2817658,-0.4587208,-0.4456572,-7.218427,-0.5417601,-0.6721518,-0.89963156,-0.18602929,0.49861896,-16.75148,-2.994891,0.62370884,-0.4639127,LVA,False
1.8849494,0.101583004,0.57917625,9.241435,-0.8571381,0.6953345,0.3205637,0.74146324,4.6276107,27.871737,-0.84509057,1.3243619,1.8146936,MAR,False
-0.35909635,0.37178117,-0.10084478,-4.926292,0.07523355,-0.327322,-0.98431253,-0.0012648904,-0.5548101,-20.806887,0.8673884,-2.215952,-0.18783681,LUX,False
1.3343716,0.48560697,-0.076784745,9.531026,0.025579799,1.5117217,4.5838866,0.3624886,-0.27330017,44.41955,4.0127406,1.3527123,1.5942886,MLI,False
0.541762,0.20285122,-0.4158047,-6.655997,0.19863346,0.8249574,-0.1596615,-0.35073045,-0.6442472,-19.21205,-1.5557426,-0.099070445,0.5180128,MNG,False
1.4969883,0.79443705,-0.19482036,10.032641,1.8122054,-0.23071994,0.9052841,1.1918542,4.1756144,-9.7444,-0.15338314,2.6085026,0.27587324,MKD,False
-1.4627495,-0.13518877,-0.27371454,-2.0128067,-0.50865656,-0.2128044,-0.06986086,0.22881898,-2.5387,-18.987183,-3.8145921,1.4580176,-0.5483932,MLT,False
1.6702163,1.3104515,-0.17877007,18.50279,0.99312377,-0.09608775,0.5825447,0.9696157,2.0869865,-13.497717,-0.9732668,5.795312,-0.12058363,MDA,False
2.042397,-0.6306603,0.689899,-3.9559577,-0.5479094,0.55347717,0.12564419,0.4095806,-0.8912524,-2.9863951,-0.27400398,0.57035536,0.20550223,MDG,False
-1.3345459,0.35502094,0.71733534,-4.6374516,0.09435285,-0.03129527,-0.0037302922,-0.20321827,-1.55007,-16.399616,-3.134469,-2.0415814,-0.28693277,MHL,True
-1.0738441,0.5190352,-0.13007744,-4.9452004,0.18017344,-0.0731796,-1.2191302,-0.14126074,-1.6336944,-16.27585,-2.576084,-1.7582895,0.14425877,MDV,True
1.3289126,0.62548476,-0.06262352,14.866366,-0.3867037,0.98010314,-0.89861536,0.0983443,-0.9616362,25.636423,-7.922931,0.2367465,-4.1787868,NER,False
1.4026433,-0.1922684,-0.12421079,9.450283,0.995921,1.4256767,-0.17331013,0.3305755,0.17582667,44.66994,3.85229,1.1212562,0.81103677,NGA,False
1.7738171,-0.53741425,-0.08958658,-4.655045,-0.5846183,0.6655932,-0.922144,-0.52971405,4.205287,33.46198,-3.66813,2.5223162,-4.336237,MRT,False
-2.5342402,0.070498325,-0.18855938,-8.177594,-1.8581963,0.32122502,-1.236352,-1.6562132,1.6537782,28.847212,1.7747605,0.08922763,1.2387241,NAM,False
1.267557,-0.094492584,0.73426265,3.370042,0.8976863,1.1301154,0.22372323,0.6642686,2.6034226,20.03445,8.250835,1.742019,-0.14464754,MOZ,False
-1.9705902,0.2918549,0.4238199,-0.6434443,-0.37255514,-0.21498914,-1.3754716,-0.102283135,-2.53906,-17.774767,-4.0445075,1.7040266,-0.21452299,MUS,True
1.281745,2.3236308,0.5105962,2.7179835,1.713619,0.6633255,-0.05694807,0.533788,-0.28968138,30.725864,4.470004,0.7880948,0.29988545,MMR,False
0.28502005,0.30984104,-0.41692936,-1.2526332,0.1394365,0.3728903,0.0511796,0.3842868,2.1787326,-16.950602,11.424026,1.6378489,0.17652202,MNE,False
2.472981,0.33167514,-0.50445753,-6.680069,-0.2891977,-1.5287131,-0.35000363,-0.66287804,-2.220246,-13.837748,-2.4463093,-2.1588633,-0.51456827,NLD,False
0.1763713,-0.6371608,-0.34387138,-5.0494714,-0.12850377,-1.1704756,-0.18679,0.38033485,-0.75046563,-17.040268,-2.1957383,-2.6916356,-0.5379355,NOR,False
-0.965379,0.5473327,-0.083696276,-4.4917097,0.1411337,-0.07705046,-0.083155334,-0.115208715,-1.443498,-17.824871,-3.0189576,-1.7247144,-0.21688652,NRU,True
0.046914946,-0.29637724,0.05804385,-4.5622525,-0.2764872,-0.10711993,0.40582702,0.36364818,-0.8011242,-8.942703,-0.17343894,-1.5109007,-0.2076947,MYS,False
-2.5376341,0.4596505,-0.10188926,6.204236,-0.3179697,0.39607766,-0.25610316,0.45655173,-2.4233055,-12.564607,-0.5774426,0.43213654,0.10787744,MWI,False
0.6917785,-0.07951273,-0.29207414,-4.1054792,0.22965351,1.6414914,-1.9495487,0.519155,0.7789251,-7.552329,-2.2937114,0.37882012,-0.39356828,PAN,False
2.7866044,-0.26093355,0.59822834,-5.1558456,-0.5641088,-0.44635472,-0.30079013,-0.17321955,2.018114,28.979446,-1.12474,2.2200367,-2.4753175,OMN,False
1.5699216,0.7217355,-0.10934409,3.1071413,0.90127254,0.5759972,0.051162146,-0.57826114,1.2785244,26.984291,-4.620663,1.6781414,-1.5179561,NPL,False
-0.18873744,0.08820325,0.13764426,-6.751243,-0.091024175,0.09921212,0.40712523,0.37340185,0.0093085645,-20.707504,-0.2725912,0.29290006,-0.101425834,PNG,True
-0.47917357,-0.18822843,0.83986914,1.6788902,2.1309936,0.28376493,0.9274227,0.20076664,2.9768107,-4.5197005,2.9889457,1.9075441,0.24148408,PRT,False
0.49251282,0.25896513,0.24036615,14.078018,1.519348,0.5316438,0.06505765,0.4397865,1.8667507,40.45253,-4.259781,1.1977981,2.5630345,PAK,False
-0.35622355,-0.3350808,-0.4749133,-1.524331,0.26751763,-1.1208988,0.10927678,0.215606,1.7577002,-19.478771,-1.8921335,-0.5380884,-0.39086103,POL,False
0.57709897,0.012631221,-0.28854284,-1.8025239,-0.46734482,-0.0088327965,-0.8919987,-0.55111784,-0.71442163,-12.740529,-0.6666357,0.8831336,0.3092717,PER,False
3.4344594,-0.40008014,1.4371747,-5.6242743,0.23276006,0.50631416,1.3032193,-0.7971932,1.4835205,-17.414974,-1.7615587,1.1588061,-0.35032633,PRK,False
0.892813,2.4197478,0.22816211,-6.741332,-0.14008068,0.40109083,-0.43386233,-0.40034893,0.72430724,35.82918,-7.2235537,-2.955411,-2.340585,QAT,False
0.7734032,0.16639844,-0.11911074,0.09411877,0.45989066,0.19002323,-0.20206407,-0.08044335,-0.10717836,29.544847,7.0829024,0.68867457,0.32729605,PRY,False
0.48862424,-0.15057002,-0.3171893,-0.36303875,0.2331821,-0.31422323,0.9758454,0.3209438,-0.1511281,-5.3496566,-1.5826163,0.65371275,-0.601546,RUS,False
-0.9386359,0.3463719,-0.090708055,-3.0913117,0.0566675,-0.39758056,-1.1172949,-0.16959748,-0.8274567,-17.657898,-3.132837,-1.990761,-0.3741211,SGP,True
1.3784491,-0.5577746,-0.16744775,-3.3989275,0.69154054,1.634311,2.5271552,-0.43442634,1.3914548,46.355854,2.1973126,0.9127279,-4.56151,SAU,False
-9.129062,-0.17867005,-0.19877,-4.7237325,-2.1436257,0.61581963,-1.5221791,-2.3297074,1.5508603,10.594823,-13.187778,-0.10556238,-7.10678,SDN,False
-3.189853,0.3282096,-0.10728704,8.133452,-1.7990943,-0.9140536,-1.7364997,-1.4112179,-3.238326,-17.668472,-4.413849,0.28948402,-0.3595389,RWA,False
1.0529392,-0.3258749,-0.29256982,16.633888,1.0367407,-0.28898036,-0.0122984005,0.7171297,-0.30449647,-14.333377,-1.2166018,1.581082,-0.3000273,ROU,False
1.3349383,-0.66208994,-0.1726547,6.716662,-1.7788352,-2.5255466,-0.023171548,-0.24272917,0.56628615,27.077793,0.46022177,0.6535465,0.6415373,SEN,False
0.97297007,-0.3584813,-0.12042719,3.2943926,1.4823066,0.5347537,0.2705097,0.4804846,-0.6910738,29.339117,12.576965,1.1657622,0.21160433,SLE,False
-0.3805833,-0.8101953,0.07449434,-3.9446204,-0.20491055,0.7817417,-1.7942075,0.62107277,-1.986369,14.488072,3.4296565,0.1682723,-0.1955528,SLV,False
7.0133343,0.97388476,-0.23591004,17.928888,1.1878113,1.9621166,0.6778574,1.1280904,2.9482875,-14.719975,-0.80883104,2.7528276,-0.09650634,SRB,False
1.5718673,0.1078576,-0.27206436,-0.13149576,2.3093243,-0.111010365,-0.5630796,-0.6760613,-2.3162603,-5.993861,-2.6990306,-2.326733,-0.11432747,SUR,True
-2.639309,-0.05009997,-0.0871531,6.3786654,0.115195744,-0.34219012,-1.4541162,-0.3509809,-1.7722535,-17.913612,-3.9712873,-6.3122277,-0.39474434,STP,True
-6.506726,0.12247905,-0.13922636,-4.844895,-1.0972487,-5.250303,-1.2956961,-11.827141,-18.349619,13.43131,6.1052594,0.41413856,0.37859082,SSD,False
-1.376379,0.397288,0.48827097,-2.7791965,0.029174406,0.1448697,-1.477575,-0.19267777,-1.075589,-17.212812,-3.6379244,-2.2850826,-0.34995338,SLB,True
1.2712032,-0.7995106,-0.107538685,-3.3982441,-0.23261091,0.053467155,1.4904717,-1.195161,-3.4990747,23.30867,-7.1809587,2.0014498,-2.8639123,SOM,False
-0.77999264,0.6137778,0.24854004,1.8864104,0.3318347,0.17050013,1.3974767,0.52941275,-0.5309982,31.964405,9.283875,-3.2460172,0.17386122,TGO,False
-1.1733704,0.5305101,-0.15369286,-4.331066,0.13042732,-0.072643995,-1.2937764,-0.12450976,-1.4520886,-16.157026,-2.9240632,-1.8759651,-0.29429033,SYC,True
0.24771607,-0.028744906,-0.30255377,-6.7677116,-0.1351866,-1.0402305,-0.7340206,0.46348426,-0.8073397,-17.299572,-2.1779072,-0.16552457,-0.51253283,SWE,False
1.6019876,0.43768364,-0.43843022,-2.2928054,0.010657316,-1.6778108,0.18563072,0.43908903,1.4133469,-19.266983,-1.9560003,-0.64223987,-0.31501922,SVK,False
-0.8596385,0.029066611,0.37584898,1.9754081,1.2612286,-0.05085052,0.1793292,-0.24726272,2.3988392,-5.65931,6.9740567,1.8557096,-0.28970006,SWZ,False
0.42709276,-0.7974211,-0.22380956,8.969018,0.32481617,-0.53066874,0.19664504,0.3125867,-1.6438819,-19.595911,-1.4016773,-7.542127,-0.7466258,SVN,False
3.6403286,-0.26178724,0.98907095,-1.03674,-0.04587227,0.19746865,0.71217877,1.2854482,-1.1316662,-1.4662338,-1.4101244,0.77695537,-0.25890186,PHL,False
0.40378493,0.5566737,-0.10000323,10.496416,0.13485633,-0.017132536,0.3046927,0.51544446,2.4387066,27.320602,-2.2302022,0.33167514,1.2266611,TJK,False
-0.539595,0.17897199,-0.14632985,-1.3815972,1.0564135,-0.15772676,-0.34758374,0.18460926,3.5045683,38.21704,10.362694,1.0986432,2.0046186,TCD,False
1.646271,-0.6484969,0.2987388,2.426413,1.6607274,0.66723377,-0.5853666,0.24630323,-0.10796769,30.546516,4.71898,1.0031269,0.43707144,THA,False
-1.3001548,-0.3688051,0.52768284,-5.804777,-0.0026888275,0.45746467,-1.310269,-0.25128597,-1.2642148,-18.195448,-2.2461667,1.0057374,-0.21519357,TLS,True
-1.414834,0.48400128,0.38799566,-4.4027085,0.14485198,-0.06285809,-1.4092398,-0.10727301,-1.5171033,-16.033176,-3.0029864,-1.8546935,-0.26315767,TON,True
-2.2131243,-0.006289225,0.5519995,4.693194,-0.42182803,-0.18447708,-1.4086046,-0.15607199,-2.2544932,-18.233393,0.5333908,-4.483606,0.062588446,TTO,True
-3.206094,-0.6411385,-0.15747584,16.616562,0.9595989,0.29400268,-0.44603157,-0.33976117,-14.068971,19.371897,-7.7785654,1.2360235,1.0522927,TKM,False
1.7122217,0.3002578,-0.12539116,10.10153,-0.16563237,1.4454829,0.038747616,0.2944054,3.2808018,40.201378,0.9824953,1.2538192,1.7569801,SYR,False
-2.1740346,-0.025700366,-0.1509145,6.782945,-0.4153985,-0.23605312,-0.75993973,-1.1187311,-2.603614,-16.876585,-0.69040495,0.24117565,-0.5697674,TZA,False
0.6160076,-0.7083115,-0.4892229,8.669943,0.71481293,-0.8281425,0.01286445,0.073750235,2.2879586,-15.839057,-1.5821024,2.7926028,-0.33396646,UKR,False
-1.3135018,0.4639836,0.34424853,-4.4915314,0.13066797,-0.080656186,-0.29121572,-0.14007908,-1.5132365,-17.478096,-3.0545743,-1.7938756,-0.23703131,TUV,True
-0.91931474,-0.09786986,-0.1682134,3.27106,-1.0951192,0.07711252,0.2572376,0.603876,2.2609594,15.561966,0.54170877,0.695916,-0.549343,TUR,False
5.3891377,-1.1546465,-0.20649552,-1.271612,-0.8263883,0.017123263,-0.15990172,0.72663796,-3.8977976,26.78991,-1.8259797,2.3257282,1.548296,TUN,False
-1.406656,0.39910156,0.45864302,-7.4966664,-0.004595839,-0.13834123,-1.3777261,-0.27610537,-1.4590476,-16.77479,-2.090036,1.1369487,-0.23541938,WSM,True
0.66952163,0.3201007,0.50761557,-5.5533104,0.2335603,0.765242,1.3776872,0.35798892,-0.30073828,18.938005,7.339209,0.83571607,-0.25015405,VEN,False
-1.4271251,0.044712573,0.40366843,-4.500579,0.15077658,-0.053441033,-1.4021224,-0.10598378,-1.5074457,-15.512089,-3.0912614,-1.8537629,-0.30653536,VCT,True
0.045756526,-0.2623509,-0.26938426,-0.7025196,-1.1789494,-0.41533902,0.31731075,-0.1956422,-0.5354055,-8.959589,5.2370563,2.372496,0.009222229,URY,False
3.279631,-1.0820999,0.32364526,-3.4096162,0.090288594,-0.5087135,-0.0315563,0.41216803,2.0884616,19.094225,-2.7270625,2.32841,-2.9944954,USA,False
1.2925981,0.65643084,-0.14052488,11.39217,1.1281377,0.17630357,0.061618865,0.06760223,-4.605092,30.738873,-4.516891,1.0617355,-1.6329591,UZB,False
-6.7839894,0.17829111,-0.12524273,5.3399463,0.66449314,0.05385787,0.12666544,0.3124768,-1.1121693,13.385755,4.8931155,1.0903507,-0.47580776,ZWE,False
-0.3537258,-0.014276447,0.34644762,-0.97397375,0.4965377,0.75780296,0.53932506,0.48080075,2.543159,-8.267283,6.793515,1.5824795,-0.28870764,ZAF,False
0.33950335,0.0066799917,0.0006123315,-2.1627474,0.6513246,0.3355773,0.31873125,0.6779172,-0.9480167,-4.984391,8.47705,0.5696783,0.0058296416,ZMB,False
0.724489,1.0141623,-0.3548004,-5.278955,0.34139165,0.79425836,-1.480039,0.53461266,-4.5963726,16.539581,-4.165163,-2.587677,-0.098775364,YEM,False
-1.457171,-0.6346542,0.54208475,-4.027067,-0.029205509,0.47355726,-1.419449,-0.20526458,-1.389931,-16.235231,-2.3342922,-2.1628063,-0.2838912,VUT,True
2.3817117,2.4859092,0.5276266,8.8621645,1.6509508,0.2728195,0.1779197,0.41713762,0.912622,30.298782,2.0064132,0.61543584,0.08854765,VNM,False
-1.5892365,0.40373176,-0.0693292,8.766231,2.2158568,0.79793286,-0.57517123,0.7235185,-0.6360182,-6.4124937,4.6603646,1.4190613,0.26474357,UGA,False
-0.9895539,-0.40505272,0.83889,-6.0791106,0.043604363,0.55142254,-0.06543836,0.22812216,-0.78762174,-20.29559,-2.0184076,0.67493814,-0.5029584,NZL,False
