P1_rfl,P1_cfl,P1_ts,P1_dr,P1_hw,P1_ext,P1_fr,P1_sds,P1_pm25,P1_mal,P2_hea,P2_nut,P2_wash,P2_edu,P2_pro,P2_pov,P2_sur,iso3,SIDS
-0.034999836,-0.013260072,-0.032672085,0.03371662,0.047854275,-0.5251593,-0.0632648,-0.009211516,-0.04221795,-0.8470833,-0.15680708,-0.04893731,-0.06721755,0.018590795,-0.13762571,0.33843073,-0.04460842,AND,False
-0.028708884,0.024372138,-0.016609496,0.025318282,0.04812266,0.5769748,0.020820823,0.01203668,0.014035453,1.0940138,0.17971918,0.35921428,0.10081606,0.08880093,0.25420585,0.079526305,0.107360296,AGO,False
0.032753076,-0.027418934,-0.024202691,0.021849716,0.055267107,0.6642743,-0.02167061,0.011366404,0.0013409075,1.1277572,0.17216061,0.305442,0.010960675,0.081636935,0.24186666,0.10904381,0.017687919,AFG,False
0.054841965,0.02022863,-0.01831706,-0.057530165,0.055812642,1.0442659,0.04015458,0.013559117,0.02453219,-0.7152307,-0.0031098041,-0.07500052,-0.06569188,-0.040299322,-0.12369138,0.2932298,-0.027938077,ARE,False
-0.018544618,-0.020054944,-0.03615888,0.026039472,0.033724908,-0.384327,-0.07375224,-0.0034595148,0.058310825,-0.7236924,-0.13708094,-0.11816924,0.023543114,-0.031902768,-0.18683608,0.021076148,0.0943625,ARM,False
0.008148544,0.02386753,-0.028101277,0.01570643,0.038616568,-0.47327557,0.05845784,-0.009107407,0.06975107,-0.68682224,-0.11767802,-0.09744157,0.035378728,-0.04854134,-0.1770579,0.07844468,-0.063718475,ALB,False
0.034998935,0.011680006,-0.016669525,0.015247883,0.0024340474,0.72385466,0.044971406,0.004409316,0.012322986,-0.7886475,0.03861579,-0.10169248,-0.11443301,-0.16196188,-0.09590218,-0.07837713,0.056273405,ARG,False
-0.046056643,0.006352168,-0.013087097,0.024817817,0.072825074,0.6583347,0.018104205,0.0015518947,0.017187443,1.0876738,0.19143702,0.40733677,0.0734081,0.09933851,-0.1111714,0.088294625,0.09428468,BEN,False
-0.08652711,-0.018765777,-0.023738423,0.0122525375,0.031435914,-0.74375015,0.01965611,-0.019859007,0.02746781,0.95571685,0.1066742,0.20686603,0.05515872,0.043205272,0.20647903,-0.0031842638,0.07778574,BDI,False
0.03552458,-0.012619418,-0.020816235,0.0009879604,0.0015340656,-0.51426375,-0.054332744,-0.00988015,0.02514867,-0.9248847,0.06302507,-0.08529884,-0.07291159,-0.02780613,-0.1584717,-0.35890773,-0.10858022,AUT,False
-0.004779829,0.011433929,0.02416177,0.008546601,-0.00555735,-0.16380872,0.10600035,0.0101461625,0.012383212,-1.0651784,0.011164819,-0.16083395,-0.09650545,-0.064522214,-0.16112465,-0.3129576,-0.09983406,AUS,False
0.012106439,-0.014641755,-0.014733763,0.024234833,0.09584392,0.8331456,0.045453824,0.012656787,0.0010605543,-0.728253,0.13064533,-0.16652553,0.007923509,0.057421193,-0.19094779,0.081051074,0.057931703,AZE,False
-0.051765285,0.018696828,-0.023675913,0.01639193,-0.09290524,0.7977954,-0.080582306,0.006069722,-0.011469645,-0.8318233,-0.0841037,-0.2092762,-0.099818684,-0.18434985,-0.13629249,0.0959704,0.048384648,BHR,False
-0.013200396,0.019448472,-0.03464654,7.149094e-06,0.034181897,-0.53494096,0.069831714,-0.0067877113,0.028615836,-0.9370601,-0.117125764,-0.1321523,-0.11718611,-0.05262315,-0.15060323,-0.3235306,-0.10858381,BEL,False
-0.017694563,-0.0019028424,-0.017311746,0.018251963,0.034316834,-0.45762137,0.04974714,-0.01483911,0.039598692,-0.7831102,-0.022347547,-0.11858716,0.03248483,-0.028006315,-0.118752874,0.15864855,-0.06675887,BGR,False
-0.09754747,-0.024885507,-0.018815098,0.00831754,0.021386608,0.55317837,0.022163862,0.014128887,0.016386194,0.79454476,0.003819859,-0.054535102,0.08809997,0.10288303,0.24666888,0.09425001,0.09715273,BFA,False
-0.0068346253,-0.014029839,-0.036845565,0.023479275,0.031771492,-0.45069873,0.06641482,-0.0050924746,0.082502075,-0.71690536,-0.14681405,-0.118532024,-0.09308716,-0.060087852,-0.17192994,0.1003826,-0.06657928,BLR,False
-0.05083001,-0.014227097,-0.011796673,-0.011776396,-0.044698887,0.42556065,-0.0060973098,0.008919172,0.021624105,0.8764082,0.0030249283,-0.45971808,0.04991195,-0.057708304,-0.16868144,-0.035031497,0.030499078,BOL,False
0.009795985,0.016514821,0.122594126,-0.0031983163,-0.007948879,-0.090986595,0.06467845,-0.005881099,-0.017012421,-0.62263954,0.020310659,-0.14350428,0.05085,0.029756386,-0.17669143,0.028421408,0.16591552,BLZ,True
0.16107951,0.017253269,0.09745696,0.05585712,-0.014883272,0.6027304,0.04119177,0.013364214,0.018873537,0.97131336,-0.06681646,-0.093194686,0.036959972,0.024915319,0.2712493,-0.06958719,0.04236527,BGD,False
-0.0394652,0.031616423,0.13184275,0.0087529635,-0.013502366,-0.43908426,-0.008297929,-0.0048502325,-0.0060295896,-0.66997254,0.041240156,-0.059587304,0.016175281,0.031229453,-0.13363451,0.24408697,0.16528879,BHS,True
0.164052,0.014573751,0.03882521,0.036252454,0.089876376,0.52874154,0.048674602,0.015457192,-0.0033088475,1.0398037,-0.1361408,-0.37814906,-0.025071975,-0.06990033,0.67634994,0.13187364,-0.029911568,CHN,False
-0.012926318,-0.014241379,-0.016466705,0.030218644,-0.0005626342,-0.475912,0.003012024,-0.016672626,0.04915571,-0.62927634,0.03610617,-0.093479,0.0034028192,0.02568478,-0.18145345,0.22135614,-0.053909678,BIH,False
-0.0224848,-0.034533504,-0.03280044,-0.012620394,0.005198616,-0.58243847,-0.098069645,-0.010807994,0.024384947,-0.9366869,-0.16826634,-0.10112577,-0.10922966,0.010680161,-0.1827406,-0.3865672,-0.12669751,CHE,False
-0.05309462,-0.016241027,-0.017262526,-0.11854944,-0.007364529,0.55514055,0.011112589,0.009806186,0.020103417,0.86731255,-0.069887154,-0.0854323,0.0339647,-0.08019382,-0.12546957,0.10946364,-0.004530582,BWA,False
-0.044572905,0.012009434,-0.03085541,-0.017914781,-0.053407952,0.40288582,-0.01877299,0.006792781,0.01523729,0.79416686,-0.121660836,-0.500336,-0.02036645,-0.0654374,0.17805092,-0.10514252,-0.03554717,BRA,False
-0.018350022,-0.024208894,-0.018243087,-0.011010281,-0.081392065,-0.96450794,0.046343137,-0.014120777,-0.0045242053,0.73695904,-0.30513984,0.21620524,-0.011606299,0.011244828,-0.49908707,0.09751736,0.056663584,BTN,False
-0.04309131,-0.03709065,-0.018798701,0.019380772,0.029455073,0.6756089,0.015278253,-0.019364351,0.019505832,1.129789,0.19061561,0.38828036,0.07448534,0.08236694,0.15192479,0.07962512,0.08833036,CAF,False
0.009085165,-0.02130878,-0.03259795,-0.09984783,-0.0083600655,-0.5231864,-0.040984735,-0.012638623,-0.06185293,-0.8672445,-0.19520743,-0.10388408,-0.08957008,0.018048074,-0.15422605,0.05642373,-0.10112777,BRN,False
-0.04608914,-0.019668669,0.02902176,-0.13169183,-0.03588994,-0.49650913,-0.065980844,-0.017388994,-0.03623042,-0.63436925,0.018422395,-0.14169194,-0.000109462286,0.02075531,-0.2632233,0.15260474,-0.061133124,BRB,True
-0.051177565,-0.016463073,-0.01565647,-0.017240625,-0.051651284,1.0605626,-0.022801066,0.005743586,-0.012268105,-0.76502895,-0.05061541,-0.059373934,-0.11208584,-0.16877912,-0.13755439,-0.2120964,-0.061525825,CYP,False
-0.034913626,0.006551987,0.029999552,0.010814703,0.040867094,-0.3391569,0.059175733,-0.013542613,0.055716097,-0.7070075,-0.116757125,-0.13025399,0.016720114,-0.029519,-0.1692316,-0.062084924,0.16444187,CRI,False
-0.0681269,-0.01671915,0.04712583,-0.07850663,-0.04998256,-0.72875375,-0.07604731,0.008153765,-0.033800267,0.75582045,-0.1715601,-0.17530322,0.025863644,0.01382564,-0.4836009,0.0155201135,-0.06482835,CPV,True
0.02500671,-0.071450256,-0.016298242,0.018101145,0.005708148,-0.2927587,0.03642348,0.00028893113,0.027783789,1.0852077,0.049897168,0.045261707,0.08118018,0.030730786,-0.06477798,-0.033683505,0.08292982,COG,False
-0.01574618,0.012310046,0.012013137,-0.0027048478,-0.021110855,0.44190267,0.034739196,0.008970933,0.015737372,0.9152536,-0.09940949,-0.3857358,0.021340173,-0.059286606,0.3175341,0.046216898,-0.07819567,COL,False
-0.10487849,0.0059810327,0.08314793,-0.070019506,-0.051228583,-0.6192416,-0.05114781,-0.017664824,-0.009860352,0.84164923,0.21247427,0.047038507,0.024853338,0.0031294224,-0.356662,0.100673184,0.062334172,COM,True
0.027560828,-0.006948084,-0.018371295,0.0153187355,0.026478898,0.6249822,0.021710508,0.010563657,4.8283116e-05,1.1627378,0.20446625,0.38824418,0.059145454,0.08062131,0.36349654,0.08005973,0.08322335,COD,False
0.0033237964,0.0239904,-0.019197654,0.055247072,-0.039117772,0.5656476,0.024335131,0.012247176,0.020810036,0.83946174,0.019169873,0.16679637,0.05956313,0.10202046,0.29172996,0.02987902,0.10866695,CMR,False
-0.009986503,0.010163465,-0.02618439,0.017128734,-0.013144822,-0.42289042,0.080645554,0.030048208,0.07234096,-0.7852905,-0.1218659,-0.11378934,0.03789597,-0.04399561,-0.123321414,0.15558827,-0.07573851,CHL,False
-0.046521947,0.0014798339,-0.02334821,0.030725678,0.054787863,0.5739336,0.010091746,-0.022164678,0.019227328,0.87793857,0.0068439087,0.16384931,0.04726439,0.101683706,0.081388585,0.09170838,0.04181174,CIV,False
0.049956504,0.009293515,-0.013079254,0.011458272,0.046377506,-0.7499027,0.0462882,0.008025128,0.027475728,0.91044563,0.056818552,0.05236478,-0.024635287,-0.03452687,-0.10943094,0.060121514,-0.022520008,ECU,False
0.047360934,0.0117211975,-0.033866353,0.08628954,0.0117042605,1.1419582,0.029051125,0.015548668,0.07289832,-0.69563234,-0.08316548,-0.07044969,-0.010244605,0.29608813,0.36212,0.08355716,0.018914606,EGY,False
0.00021873554,0.01955545,0.03510724,0.012815336,0.052421033,0.8793696,0.056842227,0.009082697,0.030240938,-0.7151406,-0.05282039,-0.09111804,-0.1118302,-0.17547968,-0.1419626,0.00041317602,-0.054179642,ESP,False
-0.028771784,-0.014184263,-0.008531507,0.014722115,0.03480304,0.83091104,0.067140795,0.007664716,0.021379236,-0.66243994,-0.018045615,-0.1273521,0.07656155,-0.16274977,-0.16038086,-0.05917498,0.06395865,DZA,False
-0.0022755973,0.011924272,-0.017282665,-0.0028857782,-0.004543785,-0.513132,0.05257278,0.003910992,0.025337486,-0.9222753,0.026378702,-0.085635155,-0.091567375,-0.09047486,-0.15955365,-0.3424115,-0.10265197,CAN,False
-0.020281067,0.020760916,0.14847052,0.016241524,-0.021294517,-0.1869539,0.04847256,-0.0060701286,0.025904661,-0.6830855,0.0060800686,-0.14522932,0.07284019,0.029464582,-0.05823819,-0.056839652,0.22154504,DOM,True
-0.060155492,0.027056634,0.08850462,0.02068567,-0.032526147,0.7682232,0.046590425,-0.0023868612,0.030211167,-0.6933201,-0.069780536,-0.09050817,0.019904172,-0.13946192,-0.10192215,0.20193736,0.048292797,CUB,True
-0.047214083,0.005634798,-0.01516875,-0.15173331,-0.09270884,0.47458833,-0.031335335,0.008089487,-0.013275676,0.892938,0.07097597,-0.16414233,0.060569346,0.008009379,-0.32350275,0.07370741,0.052903973,DJI,False
-0.042065367,-0.020758336,0.0057706553,0.00010523024,-0.042344984,-0.4771994,-0.08337907,-0.015440943,-0.009961638,-0.7212703,0.03385735,-0.06298829,0.0066092024,0.016106447,-0.14307322,0.23514634,0.08223507,DMA,True
0.0110345585,0.014185314,-0.022475246,0.003875164,0.015849255,-0.5029664,0.054786343,-0.0048595015,0.020481462,-0.90346414,0.043029144,-0.12151757,-0.08386348,-0.026712509,-0.13167343,-0.32419312,-0.10315282,DEU,False
-0.009914865,-0.014579758,-0.021245036,0.030564435,0.041453205,-0.43532756,-0.023132753,-0.002931621,0.05894599,-0.7907827,0.06753777,-0.12272084,-0.061095215,-0.028743595,-0.13926676,0.32132664,-0.061264455,CZE,False
-0.013156105,0.015562156,0.030629419,0.006353487,-0.012631164,-0.48535308,0.059074294,-0.0038938152,0.030652385,-0.90610564,0.012385046,-0.12935494,-0.08830471,-0.08382569,-0.15226771,-0.3363906,-0.10642454,GBR,False
-0.11864761,0.008298136,-0.015144314,0.01484782,0.011416636,0.66821307,-0.012670254,0.00890362,0.013974766,1.2580858,0.07089111,0.4177728,0.07380549,0.018695721,-0.30098814,0.09295463,0.05962711,ERI,False
-0.039309826,0.029862283,0.14992328,0.014613512,-0.016481359,-0.41134554,-0.05625351,-0.014763825,-0.008909586,-0.67460185,0.0406213,-0.11831093,0.008850133,0.025453018,-0.08209951,0.13842054,0.17293195,FJI,True
-0.046623662,0.019889224,-0.03597122,-0.007704731,0.021825768,-0.5363923,-0.07573214,-0.0036233882,0.015913736,-0.9417876,-0.12663545,-0.09506209,-0.106556885,-0.065452434,-0.17379735,-0.364562,-0.12259706,DNK,False
0.016066648,0.014490936,-0.029170282,-0.011169126,0.009988686,-0.43496692,0.071653605,-0.0032105013,0.022874746,-1.0319989,-0.13180815,-0.1034867,-0.121825665,-0.06757613,-0.14923681,-0.33181846,-0.10796235,FRA,False
-0.040390614,0.012154122,0.010222835,-0.13366342,-0.041501973,-0.49007964,-0.09094722,-0.015251795,-0.13050759,-0.8275443,0.08309927,-0.08542036,0.003859725,0.018147372,-0.17155217,0.13835202,0.098318696,FSM,True
-0.00725463,0.009336285,-0.028513027,0.00410303,-0.0015408495,-0.52762806,-0.09219773,-0.006706859,0.014109276,-0.93409294,-0.009607203,-0.13818294,-0.100255884,-0.088593215,-0.16160531,-0.36384356,-0.10188946,FIN,False
-0.03803439,-0.005242747,-0.02176166,0.004086195,0.035023104,-0.5378963,-0.0693072,-0.0047766794,0.015577814,-0.9510511,0.1415264,-0.1259016,-0.06474147,0.032003082,-0.15745291,-0.34861,-0.11313341,EST,False
-0.1788593,-0.05621803,-0.01389303,0.007496929,0.028732719,0.16001987,0.028981535,0.015049207,-0.0142905135,1.6738405,0.21705803,0.40068266,0.07407849,0.03787234,0.6665215,0.106208466,0.070765406,ETH,False
0.032629468,0.028627245,-0.014539162,0.016404986,0.084286,-0.7038869,-0.040681902,0.0008379069,0.029008672,1.0132767,0.29440004,0.10014413,0.07808564,0.009862091,-0.34366107,0.09761655,0.080654286,GNQ,False
-0.2840191,0.0025736364,-0.018734787,-0.048492774,-0.058920495,0.5390855,0.02400076,-0.016682323,0.0023844163,0.9060949,0.1359764,0.30701652,0.07101157,0.07924702,0.121901795,-0.017220424,0.071785524,GNB,True
0.01006546,0.0059315516,-0.013711365,0.013554875,-0.04538864,-0.7120053,-0.02027624,-0.016203307,0.025926335,0.943688,0.297457,0.065244794,0.061492443,0.0040403795,-0.35922927,0.048121035,0.07121764,GAB,False
-0.046837293,0.013798372,-0.015641639,-0.10672217,-0.034171216,0.43836036,0.02405006,-0.00038553006,0.015754592,0.84056866,0.009575841,-0.1285034,0.057902116,0.0119379815,-0.16184345,-0.022757221,0.060379136,GMB,False
-0.06117692,0.012727081,-0.03694558,0.038574133,0.066994086,0.55532897,0.039833825,-0.012949959,0.018785762,0.9068623,-0.07718153,-0.11711687,0.009438831,0.016042715,0.11875284,0.02970688,0.025814898,GHA,False
-0.008264641,0.01558886,-0.023582008,0.028350312,-0.012049529,-0.28024614,-0.006540279,-0.00016229939,0.03828357,-0.6622481,0.0057241083,-0.13247097,0.066536896,-0.055633456,-0.17485294,0.11005011,0.0947354,GEO,False
0.055759024,0.00021139989,-0.010604606,0.008672237,-0.026098354,-0.621616,-0.031944472,-0.014736366,-0.015533572,0.96794695,-0.3154391,-0.2199576,-0.011260528,-0.038042028,-0.61439884,-0.011471722,0.05105397,GUY,True
-0.034402993,0.023614895,-0.03170266,0.028825318,0.008533542,-0.2874047,0.09716035,-0.002675151,0.06392106,-0.87821233,-0.12288649,-0.12653533,-0.094678365,0.060904868,-0.10499444,0.14441843,-0.069083765,GRC,False
-0.0057365163,0.013204408,0.11929446,-0.006771109,0.057477012,0.015095072,0.0324173,-0.020285495,0.03156172,1.1702982,-0.016674586,-0.2343335,-0.016420351,0.06383442,0.29908285,0.12418736,0.00019940344,HND,False
-0.10126153,0.022870746,-0.028730918,0.02998857,-0.04661276,0.5982656,0.022306478,0.009804843,0.022399286,0.96813273,0.16421883,0.2867023,0.053059336,0.12924434,0.21359178,0.09145316,0.100015886,GIN,False
-0.06834283,0.022601368,0.020402618,0.009787497,0.033048127,-0.3294849,0.018790836,-0.02129849,0.02577217,1.0976068,0.03753861,0.14183411,-0.0013548341,0.058312375,0.24405432,0.12940075,0.068506725,GTM,False
-0.02156259,0.012935845,0.056637343,0.00031985925,-0.03563574,-0.5086033,-0.06167672,-0.013851649,0.017867798,-0.8923277,0.011524216,-0.13153704,-0.0019174141,-0.07417197,-0.16650143,-0.35800916,-0.12832369,IRL,False
-0.0515711,0.011648642,-0.033486664,-0.003796689,0.012313383,-0.20868137,0.08490218,0.010477548,0.028596763,-1.0781466,-0.12003757,-0.12695013,-0.122843616,-0.049377937,-0.1652038,-0.31602538,-0.10266319,ISR,False
0.05530169,0.022441989,-0.033274755,-0.01885624,0.008642189,0.978598,0.034640256,0.016022954,0.06774367,-0.6530975,-0.022724833,-0.123719946,-0.024753518,0.19564253,0.20128803,-0.012655472,0.021213528,IRQ,False
0.1146574,0.018196719,0.03263319,0.029384017,-0.064448915,0.65446115,0.024239354,0.01667305,-0.006201377,1.2449566,-0.08070516,0.33289826,-0.016147463,0.015846139,0.5579027,0.011390161,0.0019433255,IND,False
0.042561393,0.014735052,-0.010005718,0.011842415,-0.053154416,0.59079915,0.06489283,0.013796443,-0.001934519,0.7479892,-0.18428005,-0.46645534,-0.02905737,0.074387334,0.5963987,-0.12137231,-0.08626483,IRN,False
-0.11919522,0.026882116,0.082027294,0.008042162,-0.09371044,-0.37872407,-0.011936285,0.007412514,0.035257835,0.89095896,0.25860783,0.1728294,0.09045718,0.025140109,-0.42468393,0.0910296,0.08402803,HTI,True
-0.00015798718,0.004983957,-0.020060819,0.021809217,-0.0020132656,-0.45332476,0.04531716,-0.014715172,0.038322803,-0.7940115,-0.030613089,-0.06628785,0.023629887,-0.08084871,-0.13107571,0.16848326,-0.070483,HRV,False
0.045032796,-0.016673101,-0.032917634,0.0025006474,-0.0026980054,-0.5273338,-0.04231934,-0.010145956,0.034457404,-0.951595,-0.16569282,-0.088391505,-0.102104604,-0.04497099,-0.17394732,-0.34836015,-0.12142249,HUN,False
-0.055084933,-0.018957676,-0.0164047,0.018033447,0.06400099,0.8722689,0.016092863,0.009089881,0.031046616,-0.7277929,-0.08429971,-0.12393133,0.014801585,-0.12703794,-0.18263489,0.1065455,-0.037748076,JOR,False
-0.031701148,0.023933548,-0.03524613,0.011937286,-0.021730548,-0.54044217,-0.09613564,-0.010931498,-0.024288423,-0.8666558,-0.11497645,-0.073328085,-0.08475135,0.024657533,-0.1337811,-0.06305975,-0.09639705,ISL,False
-0.037468914,0.023602853,0.082103364,0.013351564,-0.020722939,-0.46642086,0.05796651,-0.011938153,0.07110719,-0.6012461,-0.12268079,-0.0951028,0.07263637,0.031966504,-0.1788599,0.1584348,-0.07391499,JAM,True
0.041680705,0.00998899,-0.006815763,0.057374455,0.07416095,0.05336736,0.049843527,-0.008036021,-0.020264339,1.3596935,-0.027665129,-0.24439858,0.017769389,-0.030157961,0.5559531,-0.031513795,0.040575158,IDN,False
-0.041816387,0.0077549526,-0.030349344,0.039395835,0.067110434,0.035740774,0.03698945,0.01674109,-0.01672349,1.354626,-0.021986585,-0.3464921,0.023503376,0.08709139,0.6096922,0.122633584,0.038586393,KEN,False
-0.038294286,0.008407578,-0.021660237,0.01237058,-0.020619884,-0.3349449,0.05497351,0.030727176,0.03194563,-0.7311154,0.17995542,-0.086061984,0.024374709,0.035044424,-0.1491562,0.080814734,0.11585922,LBN,False
-0.0038401675,-0.0047540753,-0.023483025,-0.024864923,0.062169623,1.0631154,0.045514934,0.0056303977,-0.031186525,-0.73324114,-0.09520704,-0.18713054,-0.070491716,0.18773443,-0.13792633,0.118910186,0.05280804,KWT,False
0.23352505,0.021762174,0.0946681,0.05320581,0.09919822,0.7260113,0.05023192,0.013687705,0.021659454,1.1805489,-0.04936292,0.014969881,0.039293088,0.2528889,-0.07708505,0.10423305,0.037774883,KHM,False
-0.050118566,0.027937371,-0.027085193,-0.11948493,-0.053549644,-0.4468254,-0.0730006,0.011897721,-0.07929496,-0.7600673,0.006441215,0.098849945,0.055147972,-0.027264329,-0.08231493,0.04855205,0.11870283,KIR,True
-0.040412843,-0.02559124,0.029763475,0.0063539706,-0.036624536,-0.48365393,-0.079264544,-0.014360474,-0.02828192,-0.76118326,-0.12797529,-0.05638115,0.012473764,0.014625824,-0.14185505,0.19848886,0.0929462,KNA,True
0.012504389,-0.018676752,-0.021653768,0.020805242,-0.068189606,0.6433432,0.05412797,0.009719383,0.023149747,-0.7587488,-0.117668755,-0.20092739,-0.10056579,-0.22613105,-0.1845277,-0.045443468,0.054103613,KAZ,False
0.04677606,0.018426491,0.1814186,0.019471707,0.01756993,-0.46816367,0.09115475,0.0047466974,0.05755544,-0.8497383,-0.09972833,-0.13379873,-0.08352269,-0.05840686,-0.13788153,-0.04292738,-0.12540501,JPN,False
-0.03865064,0.007107012,-0.017540779,0.00021685616,-0.0024836794,-0.51992565,-0.098613255,-0.016360775,0.014850201,-0.9050389,0.021606607,-0.13428012,-0.0023948827,-0.08594688,-0.15726177,-0.35768595,-0.09990435,LTU,False
-0.04007795,-0.014269548,-0.016613008,0.03232741,0.022122882,-0.4913699,-0.008007326,0.00942447,0.024580905,-0.7571604,0.19851029,0.33087555,0.08215188,0.0627223,-0.07054248,-0.030355586,0.30245727,LSO,False
0.022210944,0.026066082,0.19535547,0.027025446,-0.014907091,-0.39935595,0.044337675,0.011229377,0.0793301,-0.7804191,-0.0894683,-0.1129516,-0.059916224,-0.0575233,-0.13194366,0.24997103,-0.07853279,KOR,False
0.0020038097,0.011602009,0.06355201,0.0147482315,-0.04562175,0.7671962,-0.0020312949,-0.0046245605,0.034226615,-0.7014324,-0.08169606,-0.12811048,0.034277562,-0.1734653,-0.1929777,0.0839679,-0.04403293,LKA,False
-0.016675923,-0.019818721,-0.025047924,0.08888141,-0.0030761526,-0.23759703,0.055780213,0.029944334,0.035173457,-0.7722665,0.04304542,-0.09849937,0.04493964,-0.065136164,-0.052909344,0.019813253,0.1002606,KGZ,False
-0.04208139,-0.028710755,0.029643366,0.008950489,-0.04394215,-0.4761354,-0.0879194,-0.015602346,-0.032452565,-0.6073282,-0.16682938,-0.13666576,0.010541505,0.0133328065,-0.2718374,0.12797803,0.10962369,LCA,True
0.10397405,0.03533666,-0.01718556,0.01505563,-0.029347278,-0.34298348,0.02104061,-0.022408636,0.027576696,1.1487198,0.06053069,0.23573434,0.14818214,0.0052782353,0.3217939,0.10717464,0.07992787,LBR,False
-0.01865624,0.015039133,-0.015990382,0.018147228,-0.0028452687,0.88035077,0.05953277,0.013334486,0.0013032095,-0.73535144,0.03319505,-0.1048619,0.012118428,0.063373,-0.12715808,0.018596373,0.06596439,LBY,False
0.09369784,-0.032500207,0.056844946,0.024257313,-0.025739243,0.63307166,0.016620126,-0.020125207,0.020211693,1.0966492,0.009328514,0.21379995,0.026656944,0.09324117,0.107344076,0.050783858,0.036014847,LAO,False
0.012321368,0.020383708,0.033252377,0.01980765,0.0343774,0.7486184,0.03387425,0.013709166,0.016993552,-0.5703087,-0.009030175,-0.13842551,0.014784487,-0.18212718,0.31200755,-0.033405192,0.022184685,MEX,False
0.008699368,0.013212574,-0.022649227,0.003820387,0.0047208956,-0.31522888,0.104364745,-0.0030799694,0.024134137,-1.0120522,0.025893912,-0.09285888,-0.09282988,-0.08168065,-0.13970174,-0.3217223,-0.10192243,ITA,False
0.040760685,0.012162725,-0.02332158,0.005999585,0.038763616,-0.5457954,-0.070712544,-0.009702405,0.025386004,-0.9286285,-0.10389466,-0.12883036,0.025211785,-0.042608216,-0.1637015,-0.32456428,-0.12587172,LVA,False
0.005612443,0.020495687,0.14520074,0.08005556,0.010973287,1.1574435,0.034997135,0.0113036055,0.07571095,-0.6262819,-0.017221652,-0.056038897,0.048026945,0.3034492,0.42356977,0.14366247,-0.044153217,MAR,False
-0.061367672,-0.041497365,-0.03598272,-0.009404634,-0.028555138,-0.57844955,-0.11063686,-0.014652704,-0.008247796,-0.9205447,-0.21769601,-0.09333914,-0.09875856,0.010293785,-0.17272669,-0.4080935,-0.12467044,LUX,False
0.038579732,-0.018651508,-0.026030403,0.022344958,0.049769334,0.62689835,0.023771973,0.016901929,0.016093701,0.9334012,-0.0004462761,0.23442757,0.04986036,0.1665545,0.27183005,0.06739805,0.09984648,MLI,False
-0.0070594186,-0.013513758,-0.029740406,0.008644838,0.045505464,-0.36823064,0.003803805,0.012676951,0.05928568,-0.702024,-0.12319225,-0.1358859,0.11113194,-0.042491313,-0.16552053,-0.068642266,0.20976114,MNG,False
-0.004433883,-0.015417924,-0.020453772,0.013683718,0.041319516,-0.32081702,0.05788957,-0.013875722,0.044085115,-0.71498924,0.04198452,-0.14563526,-0.062021427,-0.033262383,-0.17954004,0.18798023,-0.056145694,MKD,False
-0.032711923,-0.017771065,-0.029897347,0.0118619865,-0.011473463,-0.4549523,-0.06954929,-0.0029926877,-0.023151759,-0.8741432,-0.15972933,-0.13095236,-0.076374024,-0.03613841,-0.1405888,-0.05404334,-0.118822575,MLT,False
-0.016738703,-0.012126435,-0.023229344,0.063527845,0.025679553,-0.44872054,0.03862949,-0.0067527737,0.038879234,-0.60742223,0.020652201,-0.12207949,0.06884865,0.035693206,-0.16887039,0.096945845,0.08284072,MDA,False
0.17210206,0.03918283,0.089994885,0.02167397,0.051660724,0.60729766,0.025358077,0.0120349955,0.08663455,1.5505854,0.21959157,0.3956937,0.08499504,0.20140281,0.8989924,0.08544943,0.06955055,MDG,False
-0.047719773,0.033591527,0.011326862,-0.0796144,-0.04735198,-0.51629215,-0.078852765,-0.0132223265,-0.078532755,-0.5749379,0.02288364,0.31082,0.037480865,0.008944287,-0.25486875,0.13070033,0.14681381,MHL,True
-0.037590288,-0.025469953,-0.035521585,-0.10143932,-0.031052532,-0.49523208,-0.084849216,0.011405931,-0.16585137,-0.7081529,-0.18665615,-0.114233084,-0.09383073,-0.02996467,-0.22364722,-0.010931789,-0.08258447,MDV,True
0.011273954,-0.024866726,-0.024142193,0.017382381,-0.085833356,0.63890594,0.0108473785,0.011241843,-0.0077806353,1.0828191,0.2132148,0.32151362,0.09561966,0.13978061,0.7112014,0.10141289,0.08758092,NER,False
0.05189863,0.011680122,-0.0149671305,0.041747253,0.047639392,0.67846674,0.0272303,0.015005649,-0.022117946,1.2608529,0.20317769,0.34725958,0.03903528,0.0859253,0.60144573,0.050387353,0.092208624,NGA,False
0.02991432,0.022237929,0.00747007,-0.05205135,-0.094558395,0.5890446,0.020532442,-0.0045838966,0.019232083,0.95845544,-0.00995749,0.21497561,0.058311105,0.08905324,-0.1930864,0.07765448,0.06140066,MRT,False
0.0459457,-0.0038873751,-0.015134204,-0.020431558,0.0013650641,0.55453134,0.050030664,0.016383918,-0.00049672695,0.7873855,0.09011934,-0.11835186,0.06885283,0.01749978,-0.2994617,-0.006985069,0.02145264,NAM,False
0.05712956,0.046964414,0.08171307,0.0055834544,0.036506046,0.58703583,0.022671143,0.0022535063,0.10471085,1.3478205,0.23499897,0.4567094,0.1389404,0.017034825,0.85825884,0.16055831,0.066197485,MOZ,False
-0.03903727,-0.019201105,0.14414117,0.011699267,-0.016828129,-0.44622287,-0.023570014,-0.013363668,-0.017506486,-0.7121299,-0.02291784,-0.10430083,-0.06679095,0.029775452,-0.13160294,0.20571536,0.16175823,MUS,True
0.1557329,0.03751918,0.082126245,0.029908732,0.04883651,0.6923182,0.012981894,0.012573179,0.02364535,1.4186698,0.1993331,0.2410305,0.039141707,0.10967082,0.31710488,0.07806442,0.034171317,MMR,False
-0.010821591,0.0038060576,-0.018258262,0.013642717,0.017629342,-0.44433758,0.059433747,-0.0166527,0.01942097,-0.6347075,0.009588296,-0.116831206,-0.015582967,-0.06374657,-0.17517537,0.08655539,-0.06644526,MNE,False
0.055189636,0.012646798,-0.024342962,0.0028891824,0.0370596,-0.5307814,-0.022443447,-0.005382757,0.02587028,-0.9515535,0.04878091,-0.1301663,-0.09317671,-0.078849785,-0.14608131,-0.34157544,-0.111214876,NLD,False
-0.019269882,0.023987386,-0.03508488,-0.0014377243,0.00807665,-0.5389572,-0.07702647,-0.004412221,0.02053727,-0.9439798,-0.122064576,-0.10299665,-0.10384115,-0.06413626,-0.17882204,-0.36779895,-0.1264367,NOR,False
-0.04198703,-0.03828967,-0.026644602,-0.08399808,-0.06194877,-0.58275044,-0.13804479,-0.013973354,-0.17424409,-0.7179093,-0.21730608,-0.097873956,0.011347204,0.0072912425,-0.27898303,-0.18777099,-0.111642845,NRU,True
0.054464586,0.026354143,-0.015291868,0.010580984,-0.046349127,-0.41276154,0.0329246,-0.0049866205,0.038399458,1.0331839,-0.084458396,0.15545936,-0.019957606,0.03557369,-0.023659393,0.13643955,-0.011600509,MYS,False
-0.06255913,-0.06811264,-0.03217514,0.0093336385,-0.056811724,-0.44197026,0.020009043,-0.014776544,0.0260193,0.98277676,0.04490974,0.11350798,0.016611049,0.023808872,0.14291753,-0.053812075,0.06009408,MWI,False
-0.015558329,0.016468696,-0.017351933,0.006533554,0.105346955,-0.50958025,0.0077605485,-0.00927627,0.058966763,0.8513771,-0.1325612,-0.13561058,0.03496824,0.06354138,-0.43764266,-0.062156476,0.068904005,PAN,False
0.016239468,0.032456856,0.03421409,-0.049185738,-0.025648313,1.0405494,0.03717263,0.013921942,-0.00089841033,-0.5784109,-0.08775699,-0.05312637,0.019570518,0.2390429,-0.19860351,0.10975128,0.042439565,OMN,False
-0.0069048,-0.009723977,-0.02228218,0.03868516,-0.020956343,0.5419264,0.036255866,-0.01184173,0.110031545,1.1308209,-0.09132335,-0.22583799,0.006420051,-0.06915694,0.60354894,-0.049466558,-0.0057478566,NPL,False
-0.024025852,0.064237095,0.016151644,0.0128446575,0.049397357,-0.36631265,0.022079796,-0.010267002,0.02634745,1.4187086,0.25036472,0.37263757,0.1344829,0.011317094,-0.046061054,0.09679258,0.09184879,PNG,True
-0.020311732,0.01518697,0.07877827,0.007643833,-0.016962986,-0.3140886,0.1077494,-0.0016731237,0.031210966,-0.9448503,-0.125885,-0.14815667,-0.09193267,-0.059400644,-0.14036554,-0.18914329,-0.12102469,PRT,False
0.16148923,0.040884227,0.032023586,0.049495462,0.05501309,0.6959849,0.020380395,0.01281866,-0.0003062525,1.487372,-0.047961883,0.3706979,0.030692061,0.09589221,0.7269791,0.09466114,0.06261932,PAK,False
-0.013245154,0.023445405,-0.025459806,-0.00047596986,0.015650922,-0.52761304,0.046191353,-0.0088998005,0.030794084,-0.91123325,-0.07227909,-0.12667294,0.030569397,-0.05888753,-0.14456038,-0.3081252,-0.104730055,POL,False
-0.0025933757,0.02062195,-0.027004957,0.012594472,0.036988232,-0.28995728,0.023578983,0.010569851,0.03115306,1.0962307,-0.02054079,-0.22594863,0.0075790603,0.03295827,0.26960498,0.12588209,-0.034468375,PER,False
0.027572753,0.011981813,0.0835799,-0.0007702319,-0.03212566,-0.81852305,0.03549355,0.0011150385,0.061718125,0.67977095,-0.17551768,0.028640501,0.017882982,-0.06558465,-0.46330175,0.007078809,0.071096264,PRK,False
-0.053517435,0.0013246357,-0.018039348,-0.051173385,-0.09134148,0.84671897,-0.05946815,0.005948716,-0.018068764,-0.7201625,-0.09253951,-0.22853093,-0.10578002,-0.17171027,-0.21628664,0.113923326,-0.04544849,QAT,False
-0.004772553,-0.015511523,-0.016334174,0.016724434,-0.0723551,0.83023,0.06274145,-0.006290391,0.005174112,-0.725038,0.016108193,-0.19329499,0.029677,0.059049733,-0.07884183,0.005090616,0.048149556,PRY,False
0.019100687,0.013432272,-0.016003478,-0.0048852465,0.012687489,-0.33348113,0.077884704,0.013521376,0.001434002,-1.09097,-0.0903936,-0.0799109,0.086591505,-0.05542752,0.553425,-0.3010045,-0.09496431,RUS,False
-0.04618401,-0.018116215,-0.03522889,0.018106615,-0.027920298,-0.45026663,-0.062017795,-0.015629416,-0.058924675,-0.83762974,-0.14738677,-0.138204,-0.08302146,-0.059884116,-0.13760832,0.23419254,-0.07283654,SGP,True
0.0025973953,0.01466536,-0.019576212,-0.0015788947,0.02804089,0.9391425,0.05565504,0.014021644,0.005932702,-0.6029158,-0.08648542,-0.14798528,-0.008240144,0.06729731,-0.14386225,0.0761778,0.04207925,SAU,False
0.14841722,-0.04077781,-0.011255425,0.0074994247,0.034434,0.67289275,0.02875224,0.013060388,0.0033095796,1.5796019,0.20979024,0.39369234,0.053978518,0.022213815,0.70598936,0.088568464,0.059624188,SDN,False
-0.054875784,-0.011559294,-0.015296609,-0.03174816,0.116920955,-0.7200182,0.0038673175,-0.0098104365,0.07043968,0.82918763,-0.14285797,0.036651053,0.033721644,0.035696715,-0.3743803,0.08546387,0.05845536,RWA,False
-0.0073306058,0.0019776414,-0.023767523,0.1513208,0.007906035,-0.4445365,0.049633514,-0.010362825,0.021725256,-0.82506436,0.06273008,-0.12997907,0.013749214,-0.029135983,-0.13881849,-0.20173614,0.16887075,ROU,False
-0.011184748,0.01640075,-0.037004147,-0.045249324,-0.054009117,0.5463035,0.012085022,0.0099092405,0.016664227,0.85447824,-0.04266741,0.16375633,0.014825675,0.10053584,0.09902458,-0.016019732,0.03252041,SEN,False
-0.027381144,0.024499273,-0.01980932,0.03272555,-0.07197537,0.58244807,0.021401124,0.001808375,0.017590605,0.89120966,0.0019293105,0.30044392,0.09555266,0.08130407,0.22329172,0.090484776,0.12185947,SLE,False
-0.040953185,0.01836496,0.021074332,-0.046538144,0.011524237,0.9619229,0.04754246,-0.012297489,0.016552014,-0.56534994,-0.07606422,-0.13240036,0.040468533,0.16627699,-0.17534226,0.12564704,0.04505314,SLV,False
0.021961786,-0.012379148,-0.017260434,0.021958862,0.045651816,-0.4781322,-0.034744304,-0.017106496,0.056660343,-0.70424855,-0.04313566,-0.13697103,0.027917536,-0.065220654,-0.16575494,0.1734123,-0.061263006,SRB,False
0.087845296,-0.010371024,-0.011885262,-0.031972654,0.027029602,-0.33359504,-0.068877004,-0.012038166,0.007673514,1.1379623,0.19317764,-0.15360084,0.02562426,0.018488348,-0.35837457,-0.10388612,-0.07076078,SUR,True
-0.072579615,-0.014383849,-0.01862711,0.018493392,-0.058387127,-0.8621194,-0.075254075,-0.012929076,-0.08703348,0.6807022,-0.15478034,-0.11309565,0.029354371,-0.022336377,-0.49941504,0.09341144,0.044938892,STP,True
0.1331196,-0.030172355,-0.012579,0.009921007,0.053403508,0.71373457,0.02550735,-0.0012602496,0.02373898,1.3496356,0.2182284,0.471964,0.06785327,0.021668416,-0.10853978,0.07815838,0.08958359,SSD,False
-0.12531978,-0.009588776,0.06151786,0.013259421,-0.06942438,-0.89110315,-0.044829972,-0.016437942,-0.0135340495,0.9692166,0.18573305,0.2502891,0.061729707,0.00662696,-0.4252004,0.015849711,0.09406635,SLB,True
0.18926618,0.057419125,0.017156446,0.011202433,0.043576837,0.6486516,0.020884898,0.011530963,0.023449974,1.6736718,0.27465475,0.3708204,0.0736147,0.017016705,0.3401187,-1.885018e-05,0.11357084,SOM,False
-0.069962606,0.0066603245,-0.019826028,0.019515585,0.051514845,0.56797564,0.02335042,-0.01646723,0.015784109,0.9326689,-0.0026476486,0.17335425,0.11191256,0.09875904,0.13001713,-0.08035696,0.113882676,TGO,False
-0.043116122,-0.035687473,-0.03403358,-0.10339387,-0.05300031,-0.5195624,-0.077064365,-0.012444269,-0.22348869,-0.84857935,-0.13841599,-0.15952782,-0.083755955,0.0097002,-0.16291125,0.1787565,-0.07600384,SYC,True
-0.016664669,0.02436418,-0.034688424,-0.00054417044,0.007958955,-0.5410187,-0.06853787,-0.00552019,0.027741924,-0.9457202,-0.12188229,-0.102771156,-0.09961175,-0.05498989,-0.17761308,-0.3624885,-0.12372866,SWE,False
0.040467788,-0.013903989,-0.017052041,0.009412603,0.038414985,-0.5424527,-0.061496735,-0.008559059,0.030213516,-0.9209186,0.03868414,-0.08634176,0.0074451477,-0.009514353,-0.15767524,-0.3285713,-0.10708722,SVK,False
-0.048377994,-0.016963882,0.015352939,-0.0022903038,-0.075834654,-0.11860312,0.05648516,-0.0021955746,0.02506651,-0.7971145,0.036430288,0.04167949,0.079022974,0.022223577,-0.12993981,0.08975838,0.080501184,SWZ,False
-0.021413127,0.0022911027,-0.02077861,0.004717684,0.008216509,-0.5181763,-0.051722094,-0.005312215,0.019857677,-0.92689675,0.065302484,-0.08792274,-0.06495196,-0.061600752,-0.1644913,-0.36607072,-0.108955905,SVN,False
0.10780529,-0.007210851,0.08961743,0.04749513,0.024604749,0.07351098,0.047099106,0.00738984,0.08086135,1.2956985,-0.0088975495,-0.13998064,-0.019311382,0.030223515,0.679744,0.1337368,0.036802772,PHL,False
-0.027311506,-0.015089542,-0.018050415,0.023445617,0.06707104,0.7755642,-0.021648252,0.008196382,0.027308622,-0.7350878,-0.09905905,0.030677268,0.049667615,-0.16393481,-0.17097218,0.002343018,0.055045333,TJK,False
0.15893982,-0.014118351,-0.01842729,0.029666917,0.030545026,0.690659,0.022878293,0.010826239,0.10534885,1.257047,0.23831742,0.36918613,0.12796192,0.1794611,0.8148053,0.15776305,0.0879449,TCD,False
0.119471356,0.019197844,0.04138604,0.039719332,0.05911452,0.54945946,0.04842093,-0.0058472375,0.09567874,1.1654533,-0.116657,-0.39308137,-0.039518442,-0.07049281,0.62753755,-0.07731816,-0.015736094,THA,False
-0.059597544,0.0010459005,0.05131951,0.013890181,-0.056254283,-0.8379502,0.021963116,-0.01583381,0.026189825,0.91730213,0.21195222,0.24764802,0.02711451,-0.018377034,-0.3253193,0.01491128,0.08883634,TLS,True
-0.042213816,-0.02872814,0.03226204,-0.08278941,-0.040490605,-0.45216212,-0.08371527,-0.01445268,-0.08783486,-0.7647136,-0.13453788,-0.139276,0.012972424,-0.021340836,-0.09532703,0.13663389,0.09182842,TON,True
-0.038174924,-0.0093934545,0.14597687,0.012918177,-0.020201009,-0.4071543,-0.04144928,-0.015383864,0.036409713,-0.5559563,0.016035747,-0.100970335,0.0051856884,-0.022652797,-0.19239357,0.13229398,0.13181695,TTO,True
0.051202793,0.015144137,-0.02313432,0.02729582,-0.008156683,0.7836051,0.051899552,0.0074691903,0.026334438,-0.8210373,-0.11224884,-0.19332236,-0.13647969,-0.2126357,-0.1866515,-0.038453437,0.0668778,TKM,False
0.001014082,0.0041196896,-0.015740633,0.020326495,0.03639578,0.7956925,0.055224594,0.00078162894,-0.00072552334,-0.80285406,0.057132754,0.18991058,0.01427083,0.04699375,-0.09393868,-0.009217442,0.06380212,SYR,False
-0.03904801,0.047574177,-0.019313294,0.012755933,0.03320429,-0.42791182,0.02279094,0.015245079,-0.01191518,1.2690485,0.055007223,0.20507798,0.14299344,0.11447841,0.7372049,-0.04279427,0.085188024,TZA,False
0.018837871,0.01167492,-0.01620294,0.021542015,0.029327797,-0.50511116,0.118900426,0.020999124,0.024356725,-0.7910578,0.022017764,-0.096868634,0.024863355,0.05839327,0.13720721,-0.16628325,-0.097218506,UKR,False
-0.041320987,-0.032642014,0.027527433,-0.070777915,-0.03731946,-0.49527735,-0.085643925,-0.015659273,-0.17864956,-0.621586,-0.130196,-0.11362631,0.007313793,-0.027769681,-0.2151426,0.108983845,0.096497215,TUV,True
-0.027478082,0.020084484,-0.03277221,0.018723078,0.09205031,0.8032288,0.042898983,0.0145494025,0.029392274,-0.79016834,-0.081405245,-0.17526715,0.013388921,-0.18984781,0.26688844,0.0019213975,0.030907555,TUR,False
-0.023588277,0.021543333,-0.019741332,0.015416111,0.03692104,0.8592608,0.06555753,0.011074501,0.022695418,-0.648613,-0.09287341,-0.14778605,0.047330253,-0.1225526,-0.15631552,-0.013635237,0.04743096,TUN,False
-0.041743442,-0.01756732,0.029170725,0.02250278,-0.034245178,-0.4829879,0.02855291,-0.017878996,-0.060946275,-0.5763182,0.015826607,-0.078433506,0.0013156602,-0.06365135,-0.20746179,0.122120135,0.10707211,WSM,True
-0.028685568,0.01663094,0.021763254,-0.0082608,-0.050714158,0.44821855,-0.0017790276,0.008034189,0.017456422,0.8279617,-0.023331668,-0.43057773,-0.025912296,0.016713241,-0.17300047,-0.022659147,0.0043320754,VEN,False
-0.042634036,-0.025416858,0.050311014,-0.06555033,-0.015301172,-0.5208192,-0.060816552,-0.0137634445,-0.04333907,-0.7945321,-0.12255448,-0.03989505,0.01948959,0.010123043,-0.14658926,0.36771867,-0.03743311,VCT,True
-0.0060148835,0.006865645,-0.017488224,0.022197947,-0.021566786,-0.42889863,0.08264833,-0.014767581,0.032301996,-0.6477167,-0.03441594,-0.1266437,0.02125615,0.089093804,-0.17507116,0.07293887,-0.058006495,URY,False
0.013349405,0.019955484,0.031791303,0.007793117,0.0870409,0.9481351,0.06468697,0.0064340625,0.029339058,-0.7056132,-0.060294613,-0.17013787,-0.1131743,-0.19700395,-0.12810677,-0.07370693,-0.061250456,USA,False
0.029105779,-0.015849615,-0.0124214105,0.04353976,0.052328512,1.0089371,0.058374476,0.013410717,0.06465269,-0.69305646,0.013760701,-0.14139397,0.022614235,0.10006811,-0.11423328,0.019541405,-0.05207864,UZB,False
-0.12026438,-0.016865069,0.004038785,0.0363491,0.08068389,0.4708892,-0.008970896,0.012328913,0.019410511,0.77487034,0.026490143,-0.088169254,0.05273271,0.07234805,0.20208791,0.06643987,0.04299473,ZWE,False
-0.06970411,0.01607144,0.02116817,0.036835846,-0.034302972,-0.023317087,0.0053046145,0.010082377,0.026888238,1.0523815,0.0050879605,-0.0843524,0.021625042,0.0067427256,0.16686974,-0.059442,0.0842899,ZAF,False
-0.04759564,-0.02022735,-0.014869416,0.017847717,-0.047082633,0.0011115763,0.022874914,-0.004391666,0.024646351,1.1437131,0.028008437,0.20042421,0.055117477,0.05167107,-0.16837952,0.027797984,0.08732777,ZMB,False
-0.061786275,0.02123986,0.008639006,0.009363026,0.044307552,0.56302845,-0.036774896,0.0088176215,0.02213756,1.1472515,0.17994209,0.36334306,0.02075817,0.020864155,0.22349101,-0.011258185,0.0388623,YEM,False
-0.08991014,0.019734133,0.058849443,0.010545853,-0.04134117,-0.8591445,-0.034119714,-0.0128647555,-0.006352112,0.99559677,0.11512426,0.2668636,0.00857007,-0.0045045544,-0.1127068,0.10408707,0.023988584,VUT,True
0.14542428,0.017590024,0.088272475,0.03987309,0.083995454,0.59569174,0.048312806,0.011809217,0.029105231,1.0352353,-0.11602517,-0.1741277,-0.022720573,-0.06616853,0.40183467,0.13337028,0.034426033,VNM,False
-0.11244766,-0.02064689,-0.018821811,0.04904368,-0.032646954,0.0025942237,0.042867355,-0.036928453,-0.020159598,1.2239648,0.0057272017,-0.22708066,0.060902085,0.041213166,0.46903187,-0.018749626,0.07405332,UGA,False
-0.019217914,0.004946494,0.07165,0.024356572,-0.002978017,-0.45296714,0.056477882,-0.0034001071,0.015998727,-0.81485367,0.029790634,-0.06975741,-0.0662313,-0.049465988,-0.14756021,-0.029211784,-0.118910484,NZL,False
